,,,,,,,,,,,,,,,,,,,,,,,,,,,,,,,,,,,,,,,,,,,,,,,,,,,,,,,,,,,,,,,,,,,,,,,,,,,,,,,,,,,,,,,,,,,,,,,,,,,,,,,,,,,,,,,,,,,,,,,,,,,,,,,,,,,,,,,,,,,,,,,,,,,,,,,,,,,,,,,,,,,,,,,,,,,,,,,,,,,,,,,,,,,,,,,,,,,,,,,,,,,,,,,,,,
,,,,,,,,,,,,,,,,,,,,,,,,,,,,,,,,,,,,,,,,,,,,,,,,,,,,,,,,,,,,,,,,,,,,,,,,,,,,,,,,,,,,,,,,,,,,,,,,,,,,,,,,,,,,,,,,,,,,,,,,,,,,,,,,,,,,,,,,,,,,,,,,,,,,,,,,,,,,,,,,,,,,,,,,,,,,,,,,,,,,,,,,,,,,,,,,,,,,,,,,,,,,,,,,,,
Congreso , Marzo 2008 , Resultados por circunscripción,,,,,,,,,,,,,,,,,,,,,,,,,,,,,,,,,,,,,,,,,,,,,,,,,,,,,,,,,,,,,,,,,,,,,,,,,,,,,,,,,,,,,,,,,,,,,,,,,,,,,,,,,,,,,,,,,,,,,,,,,,,,,,,,,,,,,,,,,,,,,,,,,,,,,,,,,,,,,,,,,,,,,,,,,,,,,,,,,,,,,,,,,,,,,,,,,,,,,,,,,,,,,,,,
,,,,,,,,,,,,,,,PARTIDO SOCIALISTA OBRERO ESPAÑOL,,PARTIDO POPULAR,,IZQUIERDA UNIDA,,CONVERGENCIA I UNIO,,EUZKO ALDERDI JELTZALEA-PARTIDO NACIONALISTA VASCO,,UNION PROGRESO Y DEMOCRACIA,,ESQUERRA REPUBLICANA DE CATALUNYA,,BLOQUE NACIONALISTA GALEGO,,COALICION CANARIA-PARTIDO NACIONALISTA CANARIO,,COALICION ANDALUCISTA,,NAFARROA BAI,,EUSKO ALKARTASUNA,,CIUDADANOS-PARTIDO DE LA CIUDADANIA,,PARTIDO ANTITAURINO CONTRA EL MALTRATO ANIMAL,,LOS VERDES,,PARTIDO ARAGONES,,CHUNTA ARAGONESISTA,,NUEVA CANARIAS-CENTRO CANARIO,,LOS VERDES-GRUPO VERDE,,ARALAR,,BLOC-INICIATIVA-VERDS,,UNITAT PER LES ILLES,,POR UN MUNDO MAS JUSTO,,LOS VERDES DE EUROPA,,PARTIDO SOCIAL DEMOCRATA,,PARTIDO COMUNISTA DE LOS PUEBLOS DE ESPAÑA,,CIUDADANOS EN BLANCO,,FALANGE ESPAÑOLA DE LAS J.O.N.S.,,DEMOCRACIA NACIONAL,,ELS VERDS - L'ALTERNATIVA ECOLOGISTA,,FAMILIA Y VIDA,,PARTIDO HUMANISTA,,PARTIDO DE ALMERIA,,ELS VERDS-LOS VERDES,,REPRESENTACION CANNABICA NAVARRA,,PARTIDO OBRERO SOCIALISTA INTERNACIONALISTA,,ALTERNATIVA ESPAÑOLA,,ESPAÑA 2000,,PARTIT REPUBLICA CATALA,,COALICIO VALENCIANA,,EI ESCONS INSUBMISOS-ALTERNATIVA DELS DEMOCRATES DESCONTENTS,,TIERRA COMUNERA,,FALANGE AUTENTICA,,UNION DEL PUEBLO LEONES,,SOLIDARIDAD Y AUTOGESTION INTERNACIONALISTA,,ALTERNATIVA MOTOR Y DEPORTES,,PARTIDO DE LOS PENSIONISTAS EN ACCION,,IZQUIERDA REPUBLICANA,,PARTIDO RIOJANO,,ALIANZA NACIONAL,,ALTERNATIVA EN BLANCO,,EXTREMADURA UNIDA,,ELS VERDS-ALTERNATIVA VERDA,,PARTIDO CARLISTA,,PARTIT PER CATALUNYA,,PARTIDO DE LOS NO-FUMADORES,,UNION POR LEGANES,,FRENTE ESPAÑOL,,CENTRO DEMOCRATICO LIBERAL,,OPCIO NACIONALISTA VALENCIANA,,CENTRO DEMOCRATICO SOCIAL,,ANDECHA ASTUR,,PARTIDO REGIONALISTA DEL PAIS LEONES,,CENTRO DEMOCRATICO ESPAÑOL,,ALTERNATIVA NACIONALISTA CANARIA,,PARTIDO DE LAS LIBERTADES CIVILES,,UNIDA,,PARTIDO LIBERAL DEL EMPLEO Y LA VIVIENDA ESTATAL,,LUCHA INTERNACIONALISTA,,UNIDAD DEL PUEBLO,,PER LA REPUBLICA VALENCIANA,,PARTIDO CENTRISTAS,,MOVIMIENTO POR LA UNIDAD DEL PUEBLO CANARIO,,PARTIDO CIUDADANOS UNIDOS DE ARAGON,,UNION CIUDADANA PROGRESISTAS INDEPENDIENTES DE CANARIAS,,IDENTITAT REGNE DE VALENCIA,,UNIDAD REGIONALISTA DE CASTILLA Y LEON,,PARTIDO UNIONISTA ESTADO DE ESPAÑA,,GENTES DE EL BIERZO,,PARTIT ILLENC DE SES ILLES BALEARS,,PARTIDO POSITIVISTA CRISTIANO,,COMUNION TRADICIONALISTA CARLISTA,,CONVERGENCIA DEMOCRATICA ASTURIANA,,INICIATIVA MERINDADES DE CASTILLA,,UNIDAD CASTELLANA,,PARTIDO DE ALIANZA IBEROAMERICANA EUROPEA,,COALICIO TREBALLADORS PER LA DEMOCRACIA,,PARTIDO REGIONALISTA DE GUADALAJARA,,ALIANÇA BALEAR,,ASAMBLEA DE VOTACION ELECTRONICA,,UNION CENTRISTA LIBERAL,,ALIANZA POR BURGOS,,INICIATIVA CIUDADANA BURGALESA,,NOSALTRES SOM,,INDEPENDIENTES POR CUENCA,,AGRUPACION CIUDADANA,,MOVIMIENTO FALANGISTA DE ESPAÑA,,PARTIDO HACHE,
,,,,,,,,,,,,,,,P.S.O.E.,,P.P.,,I.U.,,CiU,,EAJ-PNV,,UPyD,,ESQUERRA,,B.N.G.,,CC-PNC,,CA,,NA-BAI,,EA,,C's,,PACMA,,VERDES,,PAR,,CHA,,NC-CCN,,LV-GV,,aralar,,BLOC-IDPV-EV-EE,,UNITAT PER LES ILLES,,PUM+J,,LVE,,P.S.D.,,P.C.P.E.,,CENB,,FE de las JONS,,D.N.,,EV-AE,,PFyV,,PH,,PdeAL,,EV-LV,,RCN-NOK,,P.O.S.I.,,AES,,E-2000,,RC,,CVa,,Ei,,TC,,F.A.,,UPL,,SAIn,,AMD,,PDLPEA,,IR,,PARTIDO RIOJANO,,A.u.N.,,ABLA,,EXTREMADURA UNIDA,,E.V.-A.V.,,P.C.,,PxCat,,PNF (NO-FUMADORES),,ULEG,,FRENTE,,C.D.L.,,O.N.V.,,C.D.S.,,AA,,PREPAL,,C.D.Es.,,ANC,,PLCI,,UNIDA,,P.L.E.V.E.,,LI-LITCI,,UNIDAD DEL PUEBLO,,plRV,,Centristas PCTR,,MUPC,,pCUA,,UCPIC,,IRV,,U.R.C.L.,,PUEDE,,PB-UB,,PIIB,,PPCr,,C.T.C.,,CDAS,,I.M.C.,,Ud. Ca.,,PAIE,,TD,,P.R.GU.,,ABA,,AVE,,UCL,,AxB,,I.C.Bur,,N som,,ixC,,AGRUCI,,M.F.E.,,PHache,
Nombre de Comunidad,Codigo de Provincia,Nombre de Provincia,Población,Número de mesas,Censo electoral sin CERA,Censo CERA,Total censo electoral,Total Votantes CER,Total votantes CERA,Total votantes,Votos válidos,Votos a candidaturas,Votos en blanco,Votos nulos,Votos,Diputados,Votos,Diputados,Votos,Diputados,Votos,Diputados,Votos,Diputados,Votos,Diputados,Votos,Diputados,Votos,Diputados,Votos,Diputados,Votos,Diputados,Votos,Diputados,Votos,Diputados,Votos,Diputados,Votos,Diputados,Votos,Diputados,Votos,Diputados,Votos,Diputados,Votos,Diputados,Votos,Diputados,Votos,Diputados,Votos,Diputados,Votos,Diputados,Votos,Diputados,Votos,Diputados,Votos,Diputados,Votos,Diputados,Votos,Diputados,Votos,Diputados,Votos,Diputados,Votos,Diputados,Votos,Diputados,Votos,Diputados,Votos,Diputados,Votos,Diputados,Votos,Diputados,Votos,Diputados,Votos,Diputados,Votos,Diputados,Votos,Diputados,Votos,Diputados,Votos,Diputados,Votos,Diputados,Votos,Diputados,Votos,Diputados,Votos,Diputados,Votos,Diputados,Votos,Diputados,Votos,Diputados,Votos,Diputados,Votos,Diputados,Votos,Diputados,Votos,Diputados,Votos,Diputados,Votos,Diputados,Votos,Diputados,Votos,Diputados,Votos,Diputados,Votos,Diputados,Votos,Diputados,Votos,Diputados,Votos,Diputados,Votos,Diputados,Votos,Diputados,Votos,Diputados,Votos,Diputados,Votos,Diputados,Votos,Diputados,Votos,Diputados,Votos,Diputados,Votos,Diputados,Votos,Diputados,Votos,Diputados,Votos,Diputados,Votos,Diputados,Votos,Diputados,Votos,Diputados,Votos,Diputados,Votos,Diputados,Votos,Diputados,Votos,Diputados,Votos,Diputados,Votos,Diputados,Votos,Diputados,Votos,Diputados,Votos,Diputados,Votos,Diputados,Votos,Diputados,Votos,Diputados,Votos,Diputados,Votos,Diputados,Votos,Diputados,Votos,Diputados,Votos,Diputados,Votos,Diputados,Votos,Diputados,Votos,Diputados,Votos,Diputados,Votos,Diputados
Andalucía                     ,4,Almería                                           ,646633,783,427308,22607,449915,319502,7830,327332,325846,323318,2528,1486,136887,3,162531,3,8755,0,0,0,0,0,1820,0,0,0,0,0,0,0,1772,0,0,0,0,0,211,0,436,0,840,0,0,0,0,0,0,0,0,0,0,0,0,0,0,0,188,0,0,0,354,0,290,0,0,0,159,0,105,0,0,0,102,0,126,0,8451,0,0,0,0,0,0,0,42,0,91,0,0,0,0,0,0,0,0,0,0,0,0,0,0,0,0,0,0,0,0,0,0,0,44,0,0,0,0,0,0,0,0,0,0,0,0,0,0,0,0,0,0,0,0,0,114,0,0,0,0,0,0,0,0,0,0,0,0,0,0,0,0,0,0,0,0,0,0,0,0,0,0,0,0,0,0,0,0,0,0,0,0,0,0,0,0,0,0,0,0,0,0,0,0,0,0,0,0,0,0,0,0,0,0,0,0,0,0,0,0,0,0,0,0,0,0,0,0,0,0,0
Andalucía                     ,11,Cádiz                                             ,1207343,1594,942159,17874,960033,643212,4236,647448,643308,636669,6639,4140,328822,5,245830,4,30958,0,0,0,0,0,5572,0,0,0,0,0,0,0,16058,0,0,0,0,0,558,0,1547,0,2531,0,0,0,0,0,0,0,0,0,0,0,0,0,0,0,629,0,0,0,1085,0,795,0,0,0,291,0,368,0,0,0,374,0,389,0,0,0,0,0,0,0,0,0,343,0,0,0,0,0,0,0,0,0,0,0,219,0,0,0,0,0,0,0,0,0,0,0,0,0,0,0,0,0,0,0,0,0,0,0,0,0,0,0,0,0,0,0,0,0,0,0,0,0,0,0,0,0,0,0,0,0,0,0,0,0,0,0,0,0,0,0,0,0,0,0,0,0,0,0,0,0,0,0,0,0,0,0,0,0,0,0,300,0,0,0,0,0,0,0,0,0,0,0,0,0,0,0,0,0,0,0,0,0,0,0,0,0,0,0,0,0,0,0,0,0,0,0
Andalucía                     ,14,Córdoba                                           ,792182,1017,630103,13210,643313,483999,3682,487681,484711,479251,5460,2970,246470,4,182307,2,34131,0,0,0,0,0,2797,0,0,0,0,0,0,0,7972,0,0,0,0,0,356,0,591,0,1229,0,0,0,0,0,0,0,0,0,0,0,0,0,0,0,815,0,0,0,517,0,418,0,0,0,259,0,194,0,0,0,219,0,207,0,0,0,0,0,0,0,0,0,371,0,0,0,0,0,0,0,0,0,0,0,0,0,0,0,321,0,0,0,0,0,0,0,0,0,77,0,0,0,0,0,0,0,0,0,0,0,0,0,0,0,0,0,0,0,0,0,0,0,0,0,0,0,0,0,0,0,0,0,0,0,0,0,0,0,0,0,0,0,0,0,0,0,0,0,0,0,0,0,0,0,0,0,0,0,0,0,0,0,0,0,0,0,0,0,0,0,0,0,0,0,0,0,0,0,0,0,0,0,0,0,0,0,0,0,0,0,0,0,0,0,0,0
Andalucía                     ,18,Granada                                           ,884099,1201,688435,28952,717387,523461,9628,533089,530323,525723,4600,2766,264974,4,217874,3,26615,0,0,0,0,0,5308,0,0,0,0,0,0,0,4747,0,0,0,0,0,450,0,748,0,2010,0,0,0,0,0,0,0,0,0,0,0,0,0,0,0,591,0,0,0,484,0,238,0,274,0,205,0,155,0,0,0,217,0,133,0,0,0,0,0,0,0,0,0,113,0,127,0,0,0,0,0,0,0,0,0,161,0,0,0,162,0,0,0,0,0,0,0,0,0,73,0,0,0,0,0,0,0,0,0,0,0,0,0,0,0,64,0,0,0,0,0,0,0,0,0,0,0,0,0,0,0,0,0,0,0,0,0,0,0,0,0,0,0,0,0,0,0,0,0,0,0,0,0,0,0,0,0,0,0,0,0,0,0,0,0,0,0,0,0,0,0,0,0,0,0,0,0,0,0,0,0,0,0,0,0,0,0,0,0,0,0,0,0,0,0,0,0
Andalucía                     ,21,Huelva                                            ,497671,629,381841,4831,386672,269196,1139,270335,268531,265928,2603,1804,149494,3,93984,2,13210,0,0,0,0,0,2319,0,0,0,0,0,0,0,4110,0,0,0,0,0,167,0,350,0,721,0,0,0,0,0,0,0,0,0,0,0,0,0,0,0,210,0,0,0,433,0,207,0,0,0,113,0,200,0,0,0,121,0,109,0,0,0,0,0,0,0,0,0,81,0,99,0,0,0,0,0,0,0,0,0,0,0,0,0,0,0,0,0,0,0,0,0,0,0,0,0,0,0,0,0,0,0,0,0,0,0,0,0,0,0,0,0,0,0,0,0,0,0,0,0,0,0,0,0,0,0,0,0,0,0,0,0,0,0,0,0,0,0,0,0,0,0,0,0,0,0,0,0,0,0,0,0,0,0,0,0,0,0,0,0,0,0,0,0,0,0,0,0,0,0,0,0,0,0,0,0,0,0,0,0,0,0,0,0,0,0,0,0,0,0,0,0
Andalucía                     ,23,Jaén                                              ,664742,904,522101,8241,530342,414471,2454,416925,414606,411383,3223,2319,230026,4,151340,2,19859,0,0,0,0,0,1958,0,0,0,0,0,0,0,4637,0,0,0,0,0,201,0,413,0,647,0,0,0,0,0,0,0,0,0,0,0,0,0,0,0,200,0,0,0,458,0,368,0,246,0,182,0,137,0,0,0,107,0,124,0,0,0,0,0,0,0,0,0,83,0,106,0,0,0,0,0,0,0,0,0,0,0,0,0,291,0,0,0,0,0,0,0,0,0,0,0,0,0,0,0,0,0,0,0,0,0,0,0,0,0,0,0,0,0,0,0,0,0,0,0,0,0,0,0,0,0,0,0,0,0,0,0,0,0,0,0,0,0,0,0,0,0,0,0,0,0,0,0,0,0,0,0,0,0,0,0,0,0,0,0,0,0,0,0,0,0,0,0,0,0,0,0,0,0,0,0,0,0,0,0,0,0,0,0,0,0,0,0,0,0,0,0
Andalucía                     ,29,Málaga                                            ,1517523,1785,1049504,28046,1077550,760637,8240,768877,764320,756268,8052,4557,359046,5,328314,5,38716,0,0,0,0,0,7327,0,0,0,0,0,0,0,11177,0,0,0,0,0,1224,0,1308,0,3251,0,0,0,0,0,0,0,0,0,0,0,0,0,0,0,641,0,0,0,977,0,702,0,0,0,326,0,346,0,0,0,331,0,318,0,0,0,0,0,1155,0,0,0,195,0,257,0,0,0,0,0,0,0,0,0,208,0,0,0,0,0,0,0,0,0,0,0,0,0,272,0,0,0,0,0,0,0,0,0,0,0,0,0,0,0,177,0,0,0,0,0,0,0,0,0,0,0,0,0,0,0,0,0,0,0,0,0,0,0,0,0,0,0,0,0,0,0,0,0,0,0,0,0,0,0,0,0,0,0,0,0,0,0,0,0,0,0,0,0,0,0,0,0,0,0,0,0,0,0,0,0,0,0,0,0,0,0,0,0,0,0,0,0,0,0,0,0
Andalucía                     ,41,Sevilla                                           ,1849268,2454,1448825,20251,1469076,1079471,5241,1084712,1078542,1066523,12019,6170,626558,8,339644,4,58091,0,0,0,0,0,13467,0,0,0,0,0,0,0,18206,0,0,0,0,0,682,0,1517,0,3065,0,0,0,0,0,0,0,0,0,0,0,0,0,0,0,807,0,0,0,0,0,533,0,0,0,414,0,279,0,0,0,365,0,393,0,0,0,0,0,0,0,1058,0,287,0,0,0,0,0,0,0,0,0,0,0,189,0,0,0,612,0,356,0,0,0,0,0,0,0,0,0,0,0,0,0,0,0,0,0,0,0,0,0,0,0,0,0,0,0,0,0,0,0,0,0,0,0,0,0,0,0,0,0,0,0,0,0,0,0,0,0,0,0,0,0,0,0,0,0,0,0,0,0,0,0,0,0,0,0,0,0,0,0,0,0,0,0,0,0,0,0,0,0,0,0,0,0,0,0,0,0,0,0,0,0,0,0,0,0,0,0,0,0,0,0,0,0
Aragón                        ,22,Huesca                                            ,220107,418,171891,4374,176265,131421,1610,133031,132255,130496,1759,776,62954,2,49748,1,3815,0,0,0,0,0,1719,0,0,0,0,0,0,0,0,0,0,0,0,0,129,0,179,0,0,0,6665,0,3892,0,0,0,561,0,0,0,0,0,0,0,95,0,0,0,79,0,65,0,169,0,61,0,76,0,0,0,50,0,30,0,0,0,0,0,0,0,0,0,21,0,0,0,0,0,0,0,0,0,0,0,38,0,0,0,0,0,0,0,0,0,0,0,0,0,98,0,0,0,0,0,0,0,0,0,0,0,0,0,0,0,0,0,0,0,0,0,0,0,0,0,0,0,0,0,0,0,0,0,0,0,0,0,0,0,0,0,0,0,0,0,0,0,52,0,0,0,0,0,0,0,0,0,0,0,0,0,0,0,0,0,0,0,0,0,0,0,0,0,0,0,0,0,0,0,0,0,0,0,0,0,0,0,0,0,0,0,0,0,0,0,0,0
Aragón                        ,44,Teruel                                            ,144046,340,110968,3244,114212,86292,1161,87453,86786,85842,944,667,38617,2,34386,1,2270,0,0,0,0,0,388,0,0,0,0,0,0,0,0,0,0,0,0,0,113,0,93,0,0,0,7440,0,2029,0,0,0,170,0,0,0,0,0,0,0,30,0,0,0,30,0,49,0,0,0,55,0,34,0,0,0,18,0,0,0,0,0,0,0,0,0,0,0,21,0,16,0,0,0,0,0,0,0,0,0,17,0,0,0,0,0,0,0,0,0,0,0,0,0,13,0,0,0,0,0,0,0,0,0,0,0,0,0,0,0,0,0,0,0,0,0,0,0,0,0,0,0,0,0,0,0,0,0,0,0,0,0,0,0,0,0,0,0,10,0,0,0,43,0,0,0,0,0,0,0,0,0,0,0,0,0,0,0,0,0,0,0,0,0,0,0,0,0,0,0,0,0,0,0,0,0,0,0,0,0,0,0,0,0,0,0,0,0,0,0,0,0
Aragón                        ,50,Zaragoza                                          ,932502,1518,712632,13311,725943,546706,4443,551149,548439,541522,6917,2710,254479,4,199934,3,15731,0,0,0,0,0,6621,0,0,0,0,0,0,0,0,0,0,0,0,0,755,0,958,0,0,0,25949,0,32281,0,0,0,1758,0,0,0,0,0,0,0,372,0,0,0,286,0,200,0,376,0,236,0,323,0,0,0,262,0,91,0,0,0,0,0,0,0,0,0,76,0,73,0,0,0,0,0,0,0,0,0,135,0,0,0,0,0,0,0,0,0,0,0,0,0,133,0,0,0,0,0,0,0,0,0,0,0,0,0,0,0,113,0,0,0,0,0,0,0,0,0,0,0,0,0,0,0,0,0,0,0,0,0,0,0,0,0,0,0,0,0,0,0,380,0,0,0,0,0,0,0,0,0,0,0,0,0,0,0,0,0,0,0,0,0,0,0,0,0,0,0,0,0,0,0,0,0,0,0,0,0,0,0,0,0,0,0,0,0,0,0,0,0
Principado de Asturias        ,33,Asturias                                          ,1074862,1629,914587,67643,982230,675167,25101,700268,695735,687105,8630,4533,326477,4,289305,4,49936,0,0,0,0,0,9485,0,0,0,0,0,0,0,0,0,0,0,0,0,575,0,1193,0,0,0,0,0,0,0,0,0,1906,0,0,0,0,0,0,0,446,0,0,0,778,0,946,0,617,0,237,0,549,0,0,0,159,0,151,0,0,0,0,0,0,0,262,0,98,0,0,0,0,0,0,0,0,0,0,0,90,0,0,0,250,0,369,0,0,0,529,0,0,0,67,0,0,0,0,0,0,0,57,0,0,0,0,0,0,0,75,0,0,0,0,0,0,0,1299,0,0,0,0,0,0,0,0,0,848,0,0,0,0,0,0,0,0,0,0,0,0,0,0,0,0,0,0,0,0,0,117,0,0,0,0,0,0,0,0,0,216,0,0,0,0,0,0,0,0,0,0,0,0,0,0,0,0,0,0,0,0,0,0,0,0,0,0,0,68,0,0,0
Illes Balears                 ,7,Illes Balears                                     ,1030650,1101,695900,11038,706938,474541,3121,477662,473583,467557,6026,4079,209451,4,208246,4,13447,0,0,0,0,0,3107,0,0,0,0,0,0,0,0,0,0,0,0,0,723,0,1173,0,0,0,0,0,0,0,0,0,2098,0,0,0,0,0,25454,0,425,0,0,0,0,0,415,0,1010,0,334,0,250,0,0,0,284,0,206,0,0,0,0,0,0,0,0,0,112,0,0,0,0,0,0,0,0,0,0,0,158,0,0,0,0,0,0,0,0,0,0,0,0,0,0,0,0,0,0,0,0,0,0,0,0,0,0,0,0,0,0,0,0,0,0,0,0,0,0,0,0,0,0,0,0,0,0,0,0,0,0,0,0,0,0,0,0,0,0,0,0,0,0,0,0,0,0,0,0,0,0,0,0,0,360,0,0,0,0,0,0,0,0,0,0,0,0,0,159,0,0,0,145,0,0,0,0,0,0,0,0,0,0,0,0,0,0,0,0,0,0,0
Canarias                      ,35,Las Palmas                                        ,1042131,1449,747481,16476,763957,505097,5294,510391,506456,502378,4078,3935,215560,4,201067,4,5532,0,0,0,0,0,1827,0,0,0,0,0,31103,0,0,0,0,0,0,0,195,0,631,0,2886,0,0,0,0,0,38024,0,1231,0,0,0,0,0,0,0,411,0,0,0,387,0,712,0,207,0,174,0,219,0,0,0,191,0,429,0,0,0,0,0,0,0,0,0,207,0,0,0,0,0,0,0,0,0,0,0,109,0,0,0,235,0,0,0,0,0,0,0,0,0,0,0,0,0,0,0,0,0,0,0,0,0,0,0,0,0,0,0,0,0,0,0,0,0,0,0,0,0,0,0,376,0,0,0,0,0,0,0,0,0,454,0,0,0,0,0,211,0,0,0,0,0,0,0,0,0,0,0,0,0,0,0,0,0,0,0,0,0,0,0,0,0,0,0,0,0,0,0,0,0,0,0,0,0,0,0,0,0,0,0,0,0,0,0,0,0,0,0
Canarias                      ,38,Santa Cruz de Tenerife                            ,983820,1218,706247,55974,762221,477750,17154,494904,492231,488973,3258,2673,179622,3,148501,2,6940,0,0,0,0,0,1750,0,0,0,0,0,143526,2,0,0,0,0,0,0,158,0,0,0,2071,0,0,0,0,0,0,0,1487,0,0,0,0,0,0,0,442,0,0,0,470,0,646,0,468,0,125,0,199,0,0,0,159,0,205,0,0,0,0,0,0,0,0,0,141,0,0,0,0,0,0,0,0,0,0,0,134,0,0,0,0,0,0,0,0,0,0,0,0,0,0,0,0,0,0,0,0,0,0,0,0,0,0,0,0,0,85,0,208,0,0,0,0,0,0,0,0,0,0,0,641,0,0,0,0,0,0,0,0,0,245,0,0,0,0,0,286,0,0,0,464,0,0,0,0,0,0,0,0,0,0,0,0,0,0,0,0,0,0,0,0,0,0,0,0,0,0,0,0,0,0,0,0,0,0,0,0,0,0,0,0,0,0,0,0,0,0,0
Cantabria                     ,39,Cantabria                                         ,572824,731,467941,20068,488009,366649,6083,372732,369806,365255,4551,2926,161279,2,184853,3,8395,0,0,0,0,0,5094,0,0,0,0,0,0,0,0,0,0,0,0,0,286,0,713,0,0,0,0,0,0,0,0,0,0,0,0,0,0,0,0,0,353,0,1060,0,444,0,497,0,297,0,302,0,154,0,0,0,166,0,175,0,0,0,0,0,0,0,0,0,157,0,0,0,0,0,0,0,0,0,0,0,112,0,0,0,219,0,394,0,0,0,0,0,0,0,0,0,305,0,0,0,0,0,0,0,0,0,0,0,0,0,0,0,0,0,0,0,0,0,0,0,0,0,0,0,0,0,0,0,0,0,0,0,0,0,0,0,0,0,0,0,0,0,0,0,0,0,0,0,0,0,0,0,0,0,0,0,0,0,0,0,0,0,0,0,0,0,0,0,0,0,0,0,0,0,0,0,0,0,0,0,0,0,0,0,0,0,0,0,0,0,0,0
Castilla - La Mancha          ,2,Albacete                                          ,392110,567,298329,4899,303228,240028,1522,241550,239809,237092,2717,1741,109682,2,113609,2,8104,0,0,0,0,0,3078,0,0,0,0,0,0,0,0,0,0,0,0,0,151,0,443,0,0,0,0,0,0,0,0,0,0,0,0,0,0,0,0,0,372,0,0,0,377,0,153,0,327,0,137,0,114,0,0,0,130,0,120,0,0,0,0,0,0,0,0,0,48,0,117,0,0,0,0,0,0,0,79,0,51,0,0,0,0,0,0,0,0,0,0,0,0,0,0,0,0,0,0,0,0,0,0,0,0,0,0,0,0,0,0,0,0,0,0,0,0,0,0,0,0,0,0,0,0,0,0,0,0,0,0,0,0,0,0,0,0,0,0,0,0,0,0,0,0,0,0,0,0,0,0,0,0,0,0,0,0,0,0,0,0,0,0,0,0,0,0,0,0,0,0,0,0,0,0,0,0,0,0,0,0,0,0,0,0,0,0,0,0,0,0,0
Castilla - La Mancha          ,13,Ciudad Real                                       ,510122,780,394376,3967,398343,311664,1189,312853,310525,307282,3243,2328,145225,2,148363,3,8137,0,0,0,0,0,2546,0,0,0,0,0,0,0,0,0,0,0,0,0,118,0,353,0,0,0,0,0,0,0,0,0,0,0,0,0,0,0,0,0,249,0,784,0,295,0,145,0,238,0,183,0,83,0,0,0,56,0,54,0,0,0,0,0,0,0,0,0,80,0,43,0,0,0,0,0,0,0,113,0,0,0,0,0,0,0,0,0,0,0,0,0,0,0,0,0,0,0,0,0,0,0,0,0,0,0,0,0,0,0,0,0,0,0,0,0,0,0,0,0,0,0,0,0,0,0,0,0,0,0,0,0,0,0,0,0,0,0,0,0,0,0,0,0,0,0,0,0,0,0,0,0,0,0,0,0,0,0,19,0,0,0,0,0,198,0,0,0,0,0,0,0,0,0,0,0,0,0,0,0,0,0,0,0,0,0,0,0,0,0,0,0
Castilla - La Mancha          ,16,Cuenca                                            ,211375,399,162189,2198,164387,133378,626,134004,132989,131730,1259,1015,60108,1,66282,2,3168,0,0,0,0,0,1011,0,0,0,0,0,0,0,0,0,0,0,0,0,58,0,0,0,0,0,0,0,0,0,0,0,0,0,0,0,0,0,0,0,86,0,313,0,123,0,60,0,95,0,60,0,29,0,0,0,38,0,28,0,0,0,0,0,0,0,0,0,41,0,22,0,0,0,0,0,0,0,83,0,25,0,0,0,0,0,0,0,0,0,0,0,0,0,0,0,0,0,0,0,0,0,0,0,0,0,0,0,0,0,0,0,0,0,0,0,0,0,0,0,0,0,0,0,0,0,0,0,0,0,0,0,0,0,0,0,0,0,0,0,0,0,0,0,0,0,0,0,0,0,0,0,0,0,0,0,0,0,0,0,0,0,0,0,0,0,0,0,0,0,0,0,0,0,0,0,0,0,0,0,0,0,0,0,100,0,0,0,0,0,0,0
Castilla - La Mancha          ,19,Guadalajara                                       ,224076,519,166502,1984,168486,133847,741,134588,133598,132202,1396,990,54738,1,67668,2,4390,0,0,0,0,0,2820,0,0,0,0,0,0,0,0,0,0,0,0,0,126,0,308,0,0,0,0,0,0,0,0,0,0,0,0,0,0,0,0,0,104,0,563,0,172,0,106,0,163,0,91,0,146,0,0,0,32,0,243,0,0,0,0,0,0,0,0,0,60,0,36,0,0,0,0,0,0,0,123,0,56,0,0,0,0,0,0,0,0,0,0,0,0,0,0,0,0,0,0,0,0,0,0,0,0,0,0,0,0,0,39,0,0,0,0,0,0,0,0,0,0,0,57,0,0,0,0,0,0,0,0,0,0,0,0,0,0,0,0,0,0,0,0,0,0,0,0,0,0,0,0,0,0,0,0,0,0,0,9,0,0,0,0,0,0,0,0,0,0,0,152,0,0,0,0,0,0,0,0,0,0,0,0,0,0,0,0,0,0,0,0,0
Castilla - La Mancha          ,45,Toledo                                            ,639621,850,482325,6063,488388,393636,1923,395559,392630,389572,3058,2929,168649,3,201166,3,11626,0,0,0,0,0,3775,0,0,0,0,0,0,0,0,0,0,0,0,0,218,0,0,0,0,0,0,0,0,0,0,0,1004,0,0,0,0,0,0,0,217,0,763,0,336,0,215,0,241,0,227,0,162,0,0,0,158,0,76,0,0,0,0,0,0,0,0,0,127,0,44,0,0,0,0,0,0,0,250,0,88,0,0,0,0,0,0,0,0,0,0,0,0,0,79,0,0,0,0,0,0,0,0,0,0,0,0,0,0,0,0,0,0,0,0,0,0,0,0,0,0,0,110,0,0,0,0,0,0,0,0,0,0,0,0,0,0,0,41,0,0,0,0,0,0,0,0,0,0,0,0,0,0,0,0,0,0,0,0,0,0,0,0,0,0,0,0,0,0,0,0,0,0,0,0,0,0,0,0,0,0,0,0,0,0,0,0,0,0,0,0,0
Castilla y León               ,5,Ávila                                             ,168638,376,138645,5322,143967,113757,2049,115806,114835,113679,1156,971,40249,1,67274,2,2987,0,0,0,0,0,1628,0,0,0,0,0,0,0,0,0,0,0,0,0,126,0,94,0,125,0,0,0,0,0,0,0,134,0,0,0,0,0,0,0,86,0,97,0,110,0,74,0,77,0,76,0,69,0,0,0,32,0,52,0,0,0,0,0,0,0,0,0,24,0,9,0,0,0,0,0,0,0,194,0,50,0,0,0,0,0,37,0,0,0,0,0,0,0,0,0,0,0,0,0,0,0,0,0,0,0,0,0,0,0,14,0,0,0,0,0,0,0,0,0,0,0,52,0,0,0,0,0,0,0,0,0,0,0,0,0,0,0,0,0,0,0,0,0,0,0,0,0,0,0,0,0,0,0,0,0,0,0,9,0,0,0,0,0,0,0,0,0,0,0,0,0,0,0,0,0,0,0,0,0,0,0,0,0,0,0,0,0,0,0,0,0
Castilla y León               ,9,Burgos                                            ,365972,763,292101,10201,302302,230541,3589,234130,232851,229615,3236,1279,94202,2,117613,2,6735,0,0,0,0,0,4922,0,0,0,0,0,0,0,0,0,0,0,0,0,127,0,444,0,0,0,0,0,0,0,0,0,774,0,0,0,0,0,0,0,242,0,467,0,281,0,170,0,261,0,117,0,332,0,0,0,99,0,58,0,0,0,0,0,0,0,0,0,51,0,45,0,0,0,0,0,0,0,1790,0,106,0,0,0,223,0,0,0,0,0,0,0,0,0,0,0,0,0,0,0,0,0,43,0,0,0,0,0,0,0,0,0,0,0,0,0,0,0,0,0,0,0,0,0,0,0,0,0,0,0,0,0,0,0,0,0,0,0,0,0,0,0,0,0,0,0,0,0,0,0,0,0,0,0,0,0,0,0,0,0,0,0,202,0,0,0,0,0,0,0,0,0,0,0,0,0,0,0,123,0,109,0,0,0,0,0,79,0,0,0,0,0
Castilla y León               ,24,León                                              ,497387,735,416309,30997,447306,322835,11178,334013,332078,328440,3638,1935,166350,3,143897,2,7111,0,0,0,0,0,2532,0,0,0,0,0,0,0,0,0,0,0,0,0,401,0,436,0,0,0,0,0,0,0,0,0,460,0,0,0,0,0,0,0,197,0,534,0,247,0,153,0,188,0,305,0,160,0,0,0,0,0,61,0,0,0,0,0,0,0,0,0,57,0,47,0,0,0,0,0,0,0,0,0,0,0,4509,0,0,0,0,0,0,0,0,0,0,0,39,0,0,0,0,0,0,0,0,0,0,0,0,0,0,0,73,0,0,0,0,0,0,0,0,0,215,0,0,0,0,0,0,0,0,0,0,0,0,0,0,0,0,0,43,0,0,0,0,0,0,0,0,0,0,0,40,0,385,0,0,0,0,0,0,0,0,0,0,0,0,0,0,0,0,0,0,0,0,0,0,0,0,0,0,0,0,0,0,0,0,0,0,0,0,0,0,0
Castilla y León               ,34,Palencia                                          ,173281,409,145263,4867,150130,117209,1647,118856,117964,116524,1440,892,51426,1,58649,2,3069,0,0,0,0,0,1510,0,0,0,0,0,0,0,0,0,0,0,0,0,80,0,177,0,338,0,0,0,0,0,0,0,0,0,0,0,0,0,0,0,132,0,183,0,0,0,132,0,0,0,100,0,56,0,0,0,0,0,67,0,0,0,0,0,0,0,0,0,36,0,0,0,0,0,0,0,0,0,417,0,37,0,0,0,0,0,74,0,0,0,0,0,0,0,0,0,0,0,0,0,0,0,0,0,0,0,0,0,0,0,24,0,0,0,0,0,0,0,0,0,0,0,0,0,0,0,0,0,0,0,0,0,0,0,0,0,0,0,17,0,0,0,0,0,0,0,0,0,0,0,0,0,0,0,0,0,0,0,0,0,0,0,0,0,0,0,0,0,0,0,0,0,0,0,0,0,0,0,0,0,0,0,0,0,0,0,0,0,0,0,0,0
Castilla y León               ,37,Salamanca                                         ,351326,685,290737,20358,311095,231093,6975,238068,236394,233480,2914,1674,94474,2,127130,2,4085,0,0,0,0,0,4083,0,0,0,0,0,0,0,0,0,0,0,0,0,430,0,312,0,0,0,0,0,0,0,0,0,0,0,0,0,0,0,0,0,241,0,663,0,299,0,160,0,206,0,98,0,232,0,0,0,0,0,115,0,0,0,0,0,0,0,0,0,54,0,43,0,0,0,0,0,0,0,0,0,64,0,0,0,0,0,127,0,0,0,0,0,0,0,29,0,0,0,0,0,0,0,270,0,0,0,0,0,0,0,0,0,0,0,0,0,0,0,0,0,322,0,0,0,0,0,0,0,0,0,0,0,0,0,0,0,0,0,0,0,0,0,0,0,0,0,0,0,0,0,43,0,0,0,0,0,0,0,0,0,0,0,0,0,0,0,0,0,0,0,0,0,0,0,0,0,0,0,0,0,0,0,0,0,0,0,0,0,0,0,0,0
Castilla y León               ,40,Segovia                                           ,159322,327,122091,2135,124226,100091,668,100759,99937,98645,1292,822,39023,1,53399,2,2657,0,0,0,0,0,1631,0,0,0,0,0,0,0,0,0,0,0,0,0,99,0,140,0,560,0,0,0,0,0,0,0,0,0,0,0,0,0,0,0,98,0,0,0,94,0,78,0,89,0,67,0,87,0,0,0,42,0,22,0,0,0,0,0,0,0,0,0,25,0,16,0,0,0,0,0,0,0,329,0,29,0,0,0,0,0,0,0,0,0,0,0,0,0,0,0,97,0,0,0,0,0,0,0,0,0,0,0,0,0,20,0,0,0,0,0,0,0,0,0,0,0,0,0,0,0,0,0,0,0,0,0,0,0,0,0,0,0,34,0,0,0,0,0,0,0,0,0,0,0,0,0,0,0,0,0,0,0,9,0,0,0,0,0,0,0,0,0,0,0,0,0,0,0,0,0,0,0,0,0,0,0,0,0,0,0,0,0,0,0,0,0
Castilla y León               ,42,Soria                                             ,93593,257,74013,3357,77370,56086,1333,57419,56033,55061,972,1386,23868,1,27905,1,1253,0,0,0,0,0,1106,0,0,0,0,0,0,0,0,0,0,0,0,0,187,0,91,0,107,0,0,0,0,0,0,0,0,0,0,0,0,0,0,0,66,0,96,0,83,0,50,0,0,0,48,0,55,0,0,0,27,0,0,0,0,0,0,0,0,0,0,0,20,0,16,0,0,0,0,0,0,0,83,0,0,0,0,0,0,0,0,0,0,0,0,0,0,0,0,0,0,0,0,0,0,0,0,0,0,0,0,0,0,0,0,0,0,0,0,0,0,0,0,0,0,0,0,0,0,0,0,0,0,0,0,0,0,0,0,0,0,0,0,0,0,0,0,0,0,0,0,0,0,0,0,0,0,0,0,0,0,0,0,0,0,0,0,0,0,0,0,0,0,0,0,0,0,0,0,0,0,0,0,0,0,0,0,0,0,0,0,0,0,0,0,0
Castilla y León               ,47,Valladolid                                        ,521661,854,425308,7896,433204,348334,2625,350959,349226,345431,3795,1733,148878,2,172085,3,11065,0,0,0,0,0,6858,0,0,0,0,0,0,0,0,0,0,0,0,0,471,0,535,0,892,0,0,0,0,0,0,0,0,0,0,0,0,0,0,0,334,0,788,0,656,0,386,0,283,0,248,0,243,0,0,0,0,0,138,0,0,0,0,0,0,0,0,0,118,0,0,0,0,0,0,0,0,0,656,0,87,0,0,0,198,0,0,0,0,0,0,0,0,0,89,0,0,0,0,0,0,0,0,0,0,0,0,0,0,0,0,0,0,0,0,0,0,0,0,0,0,0,0,0,0,0,0,0,0,0,0,0,0,0,0,0,0,0,0,0,0,0,0,0,0,0,0,0,423,0,0,0,0,0,0,0,0,0,0,0,0,0,0,0,0,0,0,0,0,0,0,0,0,0,0,0,0,0,0,0,0,0,0,0,0,0,0,0,0,0,0,0
Castilla y León               ,49,Zamora                                            ,197237,403,166946,12409,179355,128872,5425,134297,132771,131191,1580,1526,56793,1,68276,2,3002,0,0,0,0,0,1234,0,0,0,0,0,0,0,0,0,0,0,0,0,89,0,211,0,0,0,0,0,0,0,0,0,0,0,0,0,0,0,0,0,152,0,381,0,0,0,90,0,0,0,92,0,80,0,0,0,0,0,76,0,0,0,0,0,0,0,0,0,36,0,0,0,0,0,0,0,0,0,68,0,0,0,0,0,0,0,0,0,0,0,0,0,0,0,0,0,0,0,0,0,0,0,0,0,0,0,0,0,0,0,0,0,0,0,0,0,0,0,0,0,491,0,0,0,0,0,0,0,0,0,0,0,0,0,0,0,0,0,40,0,0,0,0,0,0,0,0,0,0,0,0,0,0,0,0,0,0,0,0,0,0,0,0,0,0,0,0,0,0,0,0,0,0,0,0,0,80,0,0,0,0,0,0,0,0,0,0,0,0,0,0,0
Cataluña                      ,8,Barcelona                                         ,5332513,6104,3893229,86952,3980181,2788048,24014,2812062,2799228,2756556,42672,12834,1309171,16,470677,6,155674,1,547993,6,0,0,5179,0,184558,2,0,0,0,0,0,0,0,0,0,0,24220,0,8153,0,7324,0,0,0,0,0,0,0,0,0,0,0,0,0,0,0,1525,0,0,0,0,0,3100,0,2851,0,1102,0,1326,0,12561,0,1279,0,627,0,0,0,0,0,0,0,1486,0,509,0,527,0,4250,0,0,0,3733,0,0,0,524,0,0,0,293,0,1079,0,3050,0,1387,0,0,0,359,0,0,0,0,0,0,0,301,0,823,0,0,0,0,0,0,0,0,0,0,0,0,0,0,0,0,0,0,0,0,0,594,0,0,0,0,0,321,0,0,0,0,0,0,0,0,0,0,0,0,0,0,0,0,0,0,0,0,0,0,0,0,0,0,0,0,0,0,0,0,0,0,0,0,0,0,0,0,0,0,0,0,0,0,0,0,0,0,0,0,0,0,0,0,0,0,0
Cataluña                      ,17,Girona                                            ,706185,857,481381,8191,489572,334163,2454,336617,333881,328167,5714,2736,131994,3,40722,0,10727,0,90836,2,0,0,376,0,44030,1,0,0,0,0,0,0,0,0,0,0,924,0,937,0,0,0,0,0,0,0,0,0,0,0,0,0,0,0,0,0,201,0,0,0,0,0,417,0,438,0,188,0,144,0,0,0,146,0,110,0,0,0,0,0,0,0,923,0,57,0,75,0,1141,0,0,0,617,0,0,0,0,0,0,0,0,0,0,0,0,0,569,0,0,0,50,0,0,0,0,0,2028,0,54,0,231,0,0,0,0,0,57,0,0,0,0,0,0,0,0,0,0,0,0,0,0,0,52,0,0,0,0,0,123,0,0,0,0,0,0,0,0,0,0,0,0,0,0,0,0,0,0,0,0,0,0,0,0,0,0,0,0,0,0,0,0,0,0,0,0,0,0,0,0,0,0,0,0,0,0,0,0,0,0,0,0,0,0,0,0,0,0,0
Cataluña                      ,25,Lleida                                            ,414015,561,301435,10338,311773,212049,2997,215046,213528,209779,3749,1518,79500,2,32129,1,5489,0,60995,1,0,0,199,0,27511,0,0,0,0,0,0,0,0,0,0,0,506,0,548,0,0,0,0,0,0,0,0,0,0,0,0,0,0,0,0,0,144,0,0,0,386,0,180,0,223,0,88,0,165,0,0,0,98,0,81,0,0,0,0,0,0,0,124,0,34,0,25,0,561,0,0,0,265,0,0,0,46,0,0,0,0,0,0,0,0,0,179,0,0,0,17,0,0,0,0,0,0,0,41,0,190,0,0,0,0,0,0,0,0,0,0,0,0,0,0,0,0,0,0,0,0,0,30,0,0,0,0,0,25,0,0,0,0,0,0,0,0,0,0,0,0,0,0,0,0,0,0,0,0,0,0,0,0,0,0,0,0,0,0,0,0,0,0,0,0,0,0,0,0,0,0,0,0,0,0,0,0,0,0,0,0,0,0,0,0,0,0,0
Cataluña                      ,43,Tarragona                                         ,757795,1030,534828,8555,543383,377155,2480,379635,376784,371645,5139,2851,169246,4,66945,1,11448,0,79601,1,0,0,498,0,35433,0,0,0,0,0,0,0,0,0,0,0,1862,0,1048,0,0,0,0,0,0,0,0,0,0,0,0,0,0,0,0,0,469,0,0,0,717,0,528,0,0,0,215,0,153,0,0,0,135,0,126,0,0,0,0,0,0,0,297,0,57,0,101,0,794,0,0,0,420,0,0,0,77,0,0,0,0,0,186,0,0,0,235,0,0,0,104,0,0,0,0,0,0,0,100,0,675,0,0,0,0,0,0,0,0,0,0,0,0,0,0,0,0,0,0,0,0,0,0,0,0,0,0,0,70,0,0,0,0,0,0,0,0,0,0,0,0,0,0,0,0,0,0,0,0,0,0,0,0,0,0,0,0,0,0,0,0,0,0,0,0,0,0,0,0,0,0,0,0,0,0,0,0,0,105,0,0,0,0,0,0,0,0,0
Extremadura                   ,6,Badajoz                                           ,678459,877,538956,8480,547436,428108,2150,430258,427515,423920,3595,2743,223749,3,178634,3,13197,0,0,0,0,0,3293,0,0,0,0,0,0,0,0,0,0,0,0,0,226,0,473,0,1240,0,0,0,0,0,0,0,0,0,0,0,0,0,0,0,732,0,0,0,0,0,420,0,197,0,157,0,184,0,0,0,0,0,104,0,0,0,0,0,0,0,0,0,91,0,88,0,0,0,0,0,0,0,0,0,106,0,0,0,0,0,0,0,0,0,0,0,0,0,0,0,0,0,1029,0,0,0,0,0,0,0,0,0,0,0,0,0,0,0,0,0,0,0,0,0,0,0,0,0,0,0,0,0,0,0,0,0,0,0,0,0,0,0,0,0,0,0,0,0,0,0,0,0,0,0,0,0,0,0,0,0,0,0,0,0,0,0,0,0,0,0,0,0,0,0,0,0,0,0,0,0,0,0,0,0,0,0,0,0,0,0,0,0,0,0,0,0
Extremadura                   ,10,Cáceres                                           ,411531,620,337563,11684,349247,270297,3768,274065,271965,269720,2245,2100,142003,2,113819,2,7409,0,0,0,0,0,2073,0,0,0,0,0,0,0,0,0,0,0,0,0,233,0,371,0,911,0,0,0,0,0,0,0,0,0,0,0,0,0,0,0,215,0,0,0,427,0,188,0,225,0,100,0,97,0,0,0,82,0,78,0,0,0,0,0,0,0,0,0,28,0,0,0,0,0,0,0,0,0,0,0,67,0,0,0,0,0,0,0,0,0,0,0,0,0,51,0,0,0,1317,0,0,0,0,0,0,0,0,0,0,0,0,0,0,0,0,0,0,0,0,0,0,0,0,0,0,0,0,0,0,0,0,0,0,0,0,0,0,0,0,0,0,0,0,0,0,0,0,0,0,0,0,0,0,0,0,0,0,0,26,0,0,0,0,0,0,0,0,0,0,0,0,0,0,0,0,0,0,0,0,0,0,0,0,0,0,0,0,0,0,0,0,0
Galicia                       ,15,A Coruña                                          ,1132792,1620,952999,115434,1068433,705474,41989,747463,742231,733448,8783,5232,304398,3,316688,4,11669,0,0,0,0,0,4468,0,0,0,88830,1,0,0,0,0,0,0,0,0,496,0,1410,0,0,0,0,0,0,0,0,0,0,0,0,0,0,0,0,0,773,0,1800,0,1060,0,0,0,0,0,341,0,288,0,0,0,288,0,381,0,0,0,0,0,0,0,0,0,127,0,0,0,0,0,0,0,0,0,0,0,0,0,0,0,287,0,0,0,0,0,0,0,0,0,0,0,0,0,0,0,0,0,0,0,0,0,0,0,0,0,0,0,0,0,0,0,0,0,0,0,0,0,0,0,0,0,0,0,0,0,0,0,0,0,0,0,0,0,0,0,0,0,0,0,0,0,0,0,0,0,0,0,0,0,0,0,0,0,0,0,0,0,0,0,0,0,0,0,0,0,0,0,0,0,144,0,0,0,0,0,0,0,0,0,0,0,0,0,0,0,0,0
Galicia                       ,27,Lugo                                              ,355176,586,304293,42241,346534,233270,16264,249534,247770,245518,2252,1764,102693,2,110312,2,2358,0,0,0,0,0,1168,0,0,0,26743,0,0,0,0,0,0,0,0,0,124,0,0,0,0,0,0,0,0,0,0,0,0,0,0,0,0,0,0,0,266,0,551,0,383,0,188,0,0,0,154,0,0,0,0,0,178,0,123,0,0,0,0,0,0,0,0,0,37,0,0,0,0,0,0,0,0,0,0,0,0,0,0,0,0,0,0,0,0,0,0,0,0,0,58,0,182,0,0,0,0,0,0,0,0,0,0,0,0,0,0,0,0,0,0,0,0,0,0,0,0,0,0,0,0,0,0,0,0,0,0,0,0,0,0,0,0,0,0,0,0,0,0,0,0,0,0,0,0,0,0,0,0,0,0,0,0,0,0,0,0,0,0,0,0,0,0,0,0,0,0,0,0,0,0,0,0,0,0,0,0,0,0,0,0,0,0,0,0,0,0,0
Galicia                       ,32,Ourense                                           ,336926,572,283041,72248,355289,220317,23322,243639,241986,240203,1783,1653,94315,2,114433,2,1658,0,0,0,0,0,1101,0,0,0,26235,0,0,0,0,0,0,0,0,0,115,0,0,0,0,0,0,0,0,0,0,0,0,0,0,0,0,0,0,0,558,0,508,0,288,0,319,0,0,0,126,0,82,0,0,0,104,0,137,0,0,0,0,0,0,0,0,0,43,0,0,0,0,0,0,0,0,0,0,0,0,0,0,0,0,0,0,0,0,0,0,0,0,0,0,0,0,0,0,0,0,0,0,0,0,0,0,0,0,0,0,0,181,0,0,0,0,0,0,0,0,0,0,0,0,0,0,0,0,0,0,0,0,0,0,0,0,0,0,0,0,0,0,0,0,0,0,0,0,0,0,0,0,0,0,0,0,0,0,0,0,0,0,0,0,0,0,0,0,0,0,0,0,0,0,0,0,0,0,0,0,0,0,0,0,0,0,0,0,0,0,0
Galicia                       ,36,Pontevedra                                        ,947639,1313,772248,96312,868560,586068,33050,619118,614501,608030,6471,4617,249086,3,268446,3,9623,0,0,0,0,0,3373,0,0,0,70735,1,0,0,0,0,0,0,0,0,396,0,1444,0,0,0,0,0,0,0,0,0,1030,0,0,0,0,0,0,0,575,0,943,0,865,0,0,0,0,0,380,0,213,0,0,0,321,0,386,0,0,0,0,0,0,0,0,0,100,0,0,0,0,0,0,0,0,0,0,0,0,0,0,0,0,0,0,0,0,0,0,0,0,0,0,0,0,0,0,0,0,0,0,0,0,0,0,0,0,0,114,0,0,0,0,0,0,0,0,0,0,0,0,0,0,0,0,0,0,0,0,0,0,0,0,0,0,0,0,0,0,0,0,0,0,0,0,0,0,0,0,0,0,0,0,0,0,0,0,0,0,0,0,0,0,0,0,0,0,0,0,0,0,0,0,0,0,0,0,0,0,0,0,0,0,0,0,0,0,0,0,0
Comunidad de Madrid           ,28,Madrid                                            ,6081689,6321,4341020,149020,4490040,3510820,40038,3550858,3532381,3498842,33539,18477,1401785,15,1737688,18,164595,1,0,0,0,0,132095,1,0,0,0,0,0,0,0,0,0,0,0,0,3996,0,4755,0,0,0,0,0,0,0,0,0,10875,0,0,0,0,0,0,0,2516,0,9925,0,1350,0,2130,0,2687,0,3250,0,3087,0,0,0,998,0,901,0,0,0,0,0,0,0,1340,0,2082,0,764,0,0,0,0,0,0,0,611,0,776,0,0,0,434,0,0,0,0,0,0,0,0,0,406,0,1876,0,0,0,0,0,291,0,0,0,1616,0,1566,0,552,0,0,0,0,0,1248,0,0,0,250,0,828,0,0,0,212,0,0,0,786,0,183,0,0,0,0,0,0,0,0,0,0,0,0,0,0,0,0,0,214,0,0,0,0,0,0,0,0,0,0,0,0,0,0,0,174,0,0,0,0,0,0,0,0,0,0,0,0,0,0,0,0,0,0,0,0,0,0,0,0,0
Comunidad Foral de Navarra    ,31,Navarra                                           ,605876,949,460496,13562,474058,337327,4263,341590,339230,334229,5001,2360,117920,2,133059,2,11098,0,0,0,0,0,2608,0,0,0,0,0,0,0,0,0,62398,1,0,0,218,0,530,0,0,0,0,0,0,0,0,0,1252,0,0,0,0,0,0,0,560,0,0,0,478,0,213,0,0,0,128,0,137,0,0,0,239,0,188,0,0,0,0,0,2288,0,0,0,90,0,91,0,0,0,0,0,0,0,0,0,50,0,0,0,360,0,0,0,0,0,0,0,0,0,0,0,0,0,0,0,0,0,324,0,0,0,0,0,0,0,0,0,0,0,0,0,0,0,0,0,0,0,0,0,0,0,0,0,0,0,0,0,0,0,0,0,0,0,0,0,0,0,0,0,0,0,0,0,0,0,0,0,0,0,0,0,0,0,0,0,0,0,0,0,0,0,0,0,0,0,0,0,0,0,0,0,0,0,0,0,0,0,0,0,0,0,0,0,0,0,0,0
País Vasco                    ,1,Araba - Álava                                     ,305459,402,244550,3380,247930,171928,716,172644,170589,168001,2588,2055,69479,2,45276,1,7120,0,0,0,31983,1,2019,0,0,0,0,0,0,0,0,0,0,0,5311,0,161,0,805,0,1080,0,0,0,0,0,0,0,0,0,2917,0,0,0,0,0,662,0,0,0,0,0,254,0,0,0,57,0,63,0,0,0,0,0,159,0,0,0,0,0,0,0,327,0,29,0,0,0,0,0,0,0,0,0,0,0,0,0,0,0,0,0,215,0,0,0,0,0,0,0,26,0,0,0,0,0,0,0,58,0,0,0,0,0,0,0,0,0,0,0,0,0,0,0,0,0,0,0,0,0,0,0,0,0,0,0,0,0,0,0,0,0,0,0,0,0,0,0,0,0,0,0,0,0,0,0,0,0,0,0,0,0,0,0,0,0,0,0,0,0,0,0,0,0,0,0,0,0,0,0,0,0,0,0,0,0,0,0,0,0,0,0,0,0,0,0,0,0
País Vasco                    ,20,Gipuzkoa                                          ,694944,876,560195,16306,576501,325871,4902,330773,327815,320302,7513,2958,127840,3,47858,1,15812,0,0,0,77903,2,2620,0,0,0,0,0,0,0,0,0,0,0,25455,0,185,0,1089,0,2003,0,0,0,0,0,0,0,0,0,17332,0,0,0,0,0,642,0,0,0,0,0,0,0,0,0,85,0,131,0,0,0,422,0,203,0,0,0,0,0,0,0,0,0,63,0,0,0,0,0,0,0,0,0,0,0,0,0,0,0,0,0,375,0,0,0,0,0,0,0,0,0,0,0,0,0,0,0,240,0,0,0,0,0,0,0,0,0,0,0,0,0,0,0,0,0,0,0,0,0,0,0,0,0,0,0,0,0,0,0,0,0,0,0,0,0,0,0,0,0,0,0,0,0,0,0,0,0,0,0,0,0,0,0,0,0,0,0,0,0,0,0,0,0,0,0,0,0,0,0,0,0,44,0,0,0,0,0,0,0,0,0,0,0,0,0,0,0
País Vasco                    ,48,Bizkaia                                           ,1141457,1439,933940,22769,956709,630682,6412,637094,630917,620336,10581,6177,233371,4,116110,1,27471,0,0,0,196242,3,5997,0,0,0,0,0,0,0,0,0,0,0,19605,0,426,0,2343,0,3351,0,0,0,0,0,0,0,0,0,9740,0,0,0,0,0,1466,0,0,0,0,0,799,0,0,0,219,0,191,0,0,0,589,0,435,0,0,0,0,0,0,0,998,0,113,0,0,0,0,0,0,0,0,0,0,0,0,0,0,0,0,0,617,0,0,0,0,0,0,0,87,0,0,0,0,0,0,0,166,0,0,0,0,0,0,0,0,0,0,0,0,0,0,0,0,0,0,0,0,0,0,0,0,0,0,0,0,0,0,0,0,0,0,0,0,0,0,0,0,0,0,0,0,0,0,0,0,0,0,0,0,0,0,0,0,0,0,0,0,0,0,0,0,0,0,0,0,0,0,0,0,0,0,0,0,0,0,0,0,0,0,0,0,0,0,0,0,0
Región de Murcia              ,30,Murcia                                            ,1392117,1546,952283,17663,969946,766281,5631,771912,766510,760861,5649,5402,251822,3,469380,7,22512,0,0,0,0,0,7172,0,0,0,0,0,0,0,0,0,0,0,0,0,432,0,1178,0,3496,0,0,0,0,0,0,0,0,0,0,0,0,0,0,0,666,0,0,0,717,0,431,0,417,0,318,0,333,0,0,0,292,0,0,0,0,0,0,0,0,0,0,0,175,0,116,0,0,0,0,0,0,0,0,0,176,0,0,0,0,0,0,0,0,0,0,0,0,0,132,0,0,0,0,0,0,0,0,0,0,0,0,0,0,0,132,0,767,0,0,0,0,0,0,0,0,0,0,0,0,0,0,0,0,0,0,0,0,0,0,0,0,0,124,0,0,0,0,0,0,0,0,0,0,0,0,0,0,0,0,0,0,0,76,0,0,0,0,0,0,0,0,0,0,0,0,0,0,0,0,0,0,0,0,0,0,0,0,0,0,0,0,0,0,0,0,0
La Rioja                      ,26,La Rioja                                          ,308968,506,230750,8058,238808,186381,2980,189361,188033,185965,2068,1328,82032,2,93104,2,3647,0,0,0,0,0,2405,0,0,0,0,0,0,0,0,0,0,0,0,0,102,0,0,0,853,0,0,0,0,0,0,0,0,0,0,0,0,0,0,0,221,0,0,0,214,0,150,0,0,0,60,0,72,0,0,0,72,0,48,0,0,0,0,0,0,0,0,0,61,0,37,0,0,0,0,0,0,0,0,0,39,0,0,0,0,0,0,0,0,0,0,0,2837,0,0,0,0,0,0,0,0,0,11,0,0,0,0,0,0,0,0,0,0,0,0,0,0,0,0,0,0,0,0,0,0,0,0,0,0,0,0,0,0,0,0,0,0,0,0,0,0,0,0,0,0,0,0,0,0,0,0,0,0,0,0,0,0,0,0,0,0,0,0,0,0,0,0,0,0,0,0,0,0,0,0,0,0,0,0,0,0,0,0,0,0,0,0,0,0,0,0,0
Comunitat Valenciana          ,3,Alicante / Alacant                                ,1825264,2467,1175582,18487,1194069,934652,5539,940191,934313,926778,7535,5878,384156,5,489831,7,21087,0,0,0,0,0,6614,0,1923,0,0,0,0,0,0,0,0,0,0,0,685,0,1412,0,0,0,0,0,0,0,0,0,2263,0,0,0,6711,0,0,0,586,0,0,0,1308,0,708,0,594,0,933,0,0,0,0,0,265,0,305,0,0,0,3205,0,1837,0,0,0,139,0,601,0,0,0,305,0,0,0,0,0,281,0,0,0,0,0,0,0,0,0,0,0,0,0,148,0,0,0,0,0,0,0,0,0,0,0,0,0,0,0,0,0,347,0,230,0,0,0,0,0,0,0,0,0,0,0,0,0,0,0,0,0,0,0,0,0,140,0,164,0,0,0,0,0,0,0,0,0,0,0,0,0,0,0,0,0,0,0,0,0,0,0,0,0,0,0,0,0,0,0,0,0,0,0,0,0,0,0,0,0,0,0,0,0,0,0,0,0,0,0,0,0
Comunitat Valenciana          ,12,Castellón / Castelló                              ,573282,757,406520,4561,411081,318584,1374,319958,317596,314180,3416,2362,140304,2,155549,3,6635,0,0,0,0,0,1790,0,1082,0,0,0,0,0,0,0,0,0,0,0,294,0,544,0,0,0,0,0,0,0,0,0,553,0,0,0,3223,0,0,0,229,0,0,0,426,0,203,0,0,0,196,0,209,0,0,0,124,0,78,0,0,0,750,0,0,0,93,0,72,0,1054,0,0,0,213,0,0,0,0,0,72,0,0,0,0,0,0,0,0,0,0,0,0,0,60,0,0,0,0,0,0,0,0,0,0,0,0,0,0,0,0,0,0,0,183,0,0,0,0,0,0,0,0,0,0,0,0,0,0,0,0,0,0,0,0,0,76,0,36,0,0,0,0,0,0,0,62,0,0,0,0,0,0,0,0,0,0,0,70,0,0,0,0,0,0,0,0,0,0,0,0,0,0,0,0,0,0,0,0,0,0,0,0,0,0,0,0,0,0,0,0,0
Comunitat Valenciana          ,46,Valencia / València                               ,2486483,3088,1866026,33237,1899263,1493584,9287,1502871,1492553,1480274,12279,10318,599954,7,770413,9,46683,0,0,0,0,0,10890,0,3602,0,0,0,0,0,0,0,0,0,0,0,1177,0,2257,0,0,0,0,0,0,0,0,0,2987,0,0,0,19826,0,0,0,1006,0,0,0,1512,0,749,0,729,0,502,0,525,0,0,0,511,0,390,0,0,0,3869,0,2489,0,478,0,250,0,2220,0,0,0,4906,0,0,0,0,0,230,0,0,0,0,0,0,0,0,0,0,0,0,0,226,0,0,0,0,0,0,0,0,0,0,0,0,0,0,0,0,0,0,0,1077,0,0,0,0,0,0,0,0,0,0,0,0,0,0,0,0,0,0,0,0,0,429,0,0,0,0,0,0,0,0,0,387,0,0,0,0,0,0,0,0,0,0,0,0,0,0,0,0,0,0,0,0,0,0,0,0,0,0,0,0,0,0,0,0,0,0,0,0,0,0,0,0,0,0,0,0,0
Ciudad de Ceuta               ,51,Ceuta                                             ,76603,92,55803,2002,57805,36135,470,36605,36364,36022,342,241,14716,0,20040,1,244,0,0,0,0,0,481,0,0,0,0,0,0,0,0,0,0,0,0,0,32,0,104,0,0,0,0,0,0,0,0,0,220,0,0,0,0,0,0,0,42,0,0,0,67,0,0,0,0,0,58,0,0,0,0,0,0,0,0,0,0,0,0,0,0,0,0,0,18,0,0,0,0,0,0,0,0,0,0,0,0,0,0,0,0,0,0,0,0,0,0,0,0,0,0,0,0,0,0,0,0,0,0,0,0,0,0,0,0,0,0,0,0,0,0,0,0,0,0,0,0,0,0,0,0,0,0,0,0,0,0,0,0,0,0,0,0,0,0,0,0,0,0,0,0,0,0,0,0,0,0,0,0,0,0,0,0,0,0,0,0,0,0,0,0,0,0,0,0,0,0,0,0,0,0,0,0,0,0,0,0,0,0,0,0,0,0,0,0,0,0,0
Ciudad de Melilla             ,52,Melilla                                           ,69440,68,47655,3056,50711,31734,561,32295,32055,31770,285,240,15420,0,15717,1,0,0,0,0,0,0,367,0,0,0,0,0,0,0,0,0,0,0,0,0,39,0,0,0,0,0,0,0,0,0,0,0,77,0,0,0,0,0,0,0,33,0,0,0,73,0,0,0,0,0,44,0,0,0,0,0,0,0,0,0,0,0,0,0,0,0,0,0,0,0,0,0,0,0,0,0,0,0,0,0,0,0,0,0,0,0,0,0,0,0,0,0,0,0,0,0,0,0,0,0,0,0,0,0,0,0,0,0,0,0,0,0,0,0,0,0,0,0,0,0,0,0,0,0,0,0,0,0,0,0,0,0,0,0,0,0,0,0,0,0,0,0,0,0,0,0,0,0,0,0,0,0,0,0,0,0,0,0,0,0,0,0,0,0,0,0,0,0,0,0,0,0,0,0,0,0,0,0,0,0,0,0,0,0,0,0,0,0,0,0,0,0
,,,,,,,,,,,,,,,,,,,,,,,,,,,,,,,,,,,,,,,,,,,,,,,,,,,,,,,,,,,,,,,,,,,,,,,,,,,,,,,,,,,,,,,,,,,,,,,,,,,,,,,,,,,,,,,,,,,,,,,,,,,,,,,,,,,,,,,,,,,,,,,,,,,,,,,,,,,,,,,,,,,,,,,,,,,,,,,,,,,,,,,,,,,,,,,,,,,,,,,,,,,,,,,,,,
,1378,Total,45200737,59346,33867850,1205329,35073179,25517871,382568,25900439,25734863,25448681,286182,165576,11289335,169,10278010,154,969946,2,779425,10,306128,6,306079,1,298139,3,212543,2,174629,2,68679,0,62398,1,50371,0,46313,0,44795,0,41531,0,40054,0,38202,0,38024,0,30840,0,29989,0,29760,0,25454,0,23318,0,20419,0,20126,0,20030,0,14193,0,14023,0,12836,0,12561,0,9882,0,9056,0,8451,0,7824,0,7769,0,7386,0,7300,0,6906,0,6746,0,5424,0,5035,0,4796,0,4607,0,4509,0,3885,0,3829,0,3050,0,2899,0,2837,0,2737,0,2460,0,2346,0,2028,0,1956,0,1919,0,1616,0,1566,0,1539,0,1503,0,1490,0,1362,0,1299,0,1278,0,1047,0,1017,0,888,0,848,0,786,0,722,0,699,0,645,0,509,0,497,0,475,0,464,0,449,0,423,0,414,0,385,0,360,0,300,0,218,0,216,0,202,0,198,0,174,0,159,0,152,0,145,0,144,0,124,0,123,0,109,0,105,0,100,0,79,0,68,0,0,0
