,,,,,,,,,,,,,,,,,,,,,,,,,,,,,,,,,,,,,,,,,,,,,,,,,,,,,,,,,,,,,,,,,,,,,,,,,,,,,,,,,,,,,,,,,,,,,,,,,,,,,,,,,,,,,,,,,,,,,,,,,,,,,,,,,,,,,,,,,,,,
,,,,,,,,,,,,,,,,,,,,,,,,,,,,,,,,,,,,,,,,,,,,,,,,,,,,,,,,,,,,,,,,,,,,,,,,,,,,,,,,,,,,,,,,,,,,,,,,,,,,,,,,,,,,,,,,,,,,,,,,,,,,,,,,,,,,,,,,,,,,
Congreso | Octubre 1989 | Resultados por circunscripción,,,,,,,,,,,,,,,,,,,,,,,,,,,,,,,,,,,,,,,,,,,,,,,,,,,,,,,,,,,,,,,,,,,,,,,,,,,,,,,,,,,,,,,,,,,,,,,,,,,,,,,,,,,,,,,,,,,,,,,,,,,,,,,,,,,,,,,,,,,,
,,,,,,,,,,,,,,,PARTIDO SOCIALISTA OBRERO ESPAÑOL,,PARTIDO POPULAR,,IZQUIERDA UNIDA,,CENTRO DEMOCRATICO Y SOCIAL,,CONVERGENCIA I UNIO,,EUZKO ALDERDI JELTZALEA-PARTIDO NACIONALISTA VASCO,,AGRUPACION RUIZ-MATEOS,,HERRI BATASUNA,,PARTIDO ANDALUCISTA,,LOS VERDES-LISTA VERDE,,UNIO VALENCIANA,,EUSKO ALKARTASUNA,,LOS VERDES ECOLOGISTAS,,EUSKADIKO EZKERRA,,PARTIDO TRABAJADORES DE ESPAÑA-UNIDAD COMUNISTA,,ESQUERRA REPUBLICANA DE CATALUNYA,,PARTIDO SOCIALISTA DE LOS TRABAJADORES,,PARTIDO ARAGONES REGIONALISTA,,AGRUPACIONES INDEPENDIENTES DE CANARIAS,,PARTIDO COMUNISTA DE LOS PUEBLOS DE ESPAÑA,,BLOQUE NACIONALISTA GALEGO,,COALICION GALEGA,,UNITAT DEL POBLE VALENCIA,,PARTIDO SOCIALISTA GALEGO-ESQUERDA GALEGA,,ALTERNATIVA VERDA-MOVIMENT ECOLOG. DE CATALUNYA,,FALANGE ESPAÑOLA DE LAS J.O.N.S.,,ASAMBLEA CANARIA NACIONALISTA,,VERTICE ESPAÑOL REIVINDICAC. DESARROLLO ECOLOGICO,,COALICION SOCIALDEMOCRATA,,PARTIDO HUMANISTA,,PARTIDO NACIONALISTA GALEGO-PARTIDO GALEGUISTA,,ALIANZA POR LA REPUBLICA,,EXTREMADURA UNIDA,,COALICION ELECTORAL ESQUERRA NACIONALISTA,,PARTIDO DE LOS OBREROS REVOLUCIONARIOS DE ESPAÑA,,INDEPENDIENTES DE GRAN CANARIA,,PARTIU ASTURIANISTA,,UNIDAD CENTRISTA-P.E.D.,,FRENTE POPULAR GALEGA,,PARTIDO REGIONAL DE MADRID,,GRUPO DE RADICALES EN MADRID,,UNIDA NACIONALISTA ASTURIANA,,UNION ARAGONESISTA-CHUNTA ARAGONESISTA,,ESQUERRA NACIONALISTA VALENCIANA - URV,,PARTIDO REGIONALISTA DEL PAIS LEONES,,UNIO BALEAR,,PARTIDO CEUTA UNIDA,,SIETE ESTRELLAS VERDES,,MOVIMIENTO VERDE,,AGRUPACION CIUDADANA INDEPENDIENTE,,PARTIDO NACIONALISTA DE CASTILLA Y LEON,,COALICION ALICANTINISTA ALICANTON,,ACCION REPUBLICANA DEMOCRATICA ESPAÑOLA,,PARTIDO ECOLOGISTA DE EUSKADI (LISTA VERDE),,RADICALES POR CANTABRIA,,FALANGE ESPAÑOLA INDEPENDIENTE,,TAGOROR O ASAMBLEA CONEJERA DE LANZAROTE,,PARTIDO REGIONALISTA DE GUADALAJARA,,PARTIDO RADICAL BALEAR,,PARTIDO NACIONALISTA ESPAÑOL DE MELILLA,,PARTIDO PROVERISTA,,PARTIDO COMUNISTA DE ESPAÑA (MARXISTA-LENINISTA),,COALICION ELECTORAL LKI-EMK,
,,,,,,,,,,,,,,,PSOE,,PP,,IU,,CDS,,CIU,,EAJ-PNV,,RUIZ-MATEOS,,HB,,PA,,LV-LV,,UV,,EA,,LVE,,EE,,PTE-UC,,ERC,,PST,,PAR,,AIC,,PCPE,,BNG,,CG,,UPV,,PSG-EG,,AV-MEC,,FE-JONS,,ACN,,VERDE,,CSD,,PH,,PNG-PG,,AR,,EX.U.,,PSM-ENE,,PORE,,IGC,,PAS,,PED,,FPG,,PAM,,GRM,,UNA,,UA-CH.A,,ENV-URV,,PREPAL,,UB,,CEU,,SEV,,MV,,ACI,,PANCAL,,COA,,ARDE,,PEE-(LV),,R. X C.,,FE (I),,TAGOROR,,PRGU,,PRB,,PNEM,,P.PR.,,PCE-(M.L.),,LKI-EMK,
Nombre de Comunidad,Código de Provincia,Nombre de Provincia,Población,Número de mesas,Censo electoral sin CERA,Censo CERA,Total censo electoral,Total Votantes CER,Total votantes CERA,Total votantes,Votos válidos,Votos a candidaturas,Votos en blanco,Votos nulos,Votos,Diputados,Votos,Diputados,Votos,Diputados,Votos,Diputados,Votos,Diputados,Votos,Diputados,Votos,Diputados,Votos,Diputados,Votos,Diputados,Votos,Diputados,Votos,Diputados,Votos,Diputados,Votos,Diputados,Votos,Diputados,Votos,Diputados,Votos,Diputados,Votos,Diputados,Votos,Diputados,Votos,Diputados,Votos,Diputados,Votos,Diputados,Votos,Diputados,Votos,Diputados,Votos,Diputados,Votos,Diputados,Votos,Diputados,Votos,Diputados,Votos,Diputados,Votos,Diputados,Votos,Diputados,Votos,Diputados,Votos,Diputados,Votos,Diputados,Votos,Diputados,Votos,Diputados,Votos,Diputados,Votos,Diputados,Votos,Diputados,Votos,Diputados,Votos,Diputados,Votos,Diputados,Votos,Diputados,Votos,Diputados,Votos,Diputados,Votos,Diputados,Votos,Diputados,Votos,Diputados,Votos,Diputados,Votos,Diputados,Votos,Diputados,Votos,Diputados,Votos,Diputados,Votos,Diputados,Votos,Diputados,Votos,Diputados,Votos,Diputados,Votos,Diputados,Votos,Diputados,Votos,Diputados,Votos,Diputados,Votos,Diputados,Votos,Diputados,Votos,Diputados
Andalucía                     ,4,Almería                                           ,442.324,415,322.410,2.576,324.986,220.115,966,221.081,219.435,218.644,791,1.646,115.587,4,51.421,1,18.697,0,19.523,0,0,0,0,0,4.176,0,0,0,5.116,0,2.062,0,0,0,0,0,0,0,0,0,701,0,0,0,650,0,0,0,0,0,274,0,0,0,0,0,0,0,0,0,0,0,0,0,0,0,0,0,0,0,142,0,0,0,184,0,0,0,0,0,0,0,0,0,0,0,111,0,0,0,0,0,0,0,0,0,0,0,0,0,0,0,0,0,0,0,0,0,0,0,0,0,0,0,0,0,0,0,0,0,0,0,0,0,0,0,0,0,0,0,0,0,0,0,0,0,0,0
Andalucía                     ,11,Cádiz                                             ,1.044.493,1.012,746.275,2.906,749.181,472.068,1.016,473.084,469.188,466.724,2.464,3.896,243.410,6,76.688,1,44.871,1,19.905,0,0,0,0,0,16.225,0,0,0,53.173,1,3.928,0,0,0,0,0,2.791,0,0,0,1.501,0,0,0,1.789,0,0,0,0,0,861,0,0,0,0,0,0,0,0,0,0,0,515,0,0,0,0,0,0,0,383,0,0,0,408,0,0,0,0,0,0,0,0,0,0,0,276,0,0,0,0,0,0,0,0,0,0,0,0,0,0,0,0,0,0,0,0,0,0,0,0,0,0,0,0,0,0,0,0,0,0,0,0,0,0,0,0,0,0,0,0,0,0,0,0,0,0,0
Andalucía                     ,14,Córdoba                                           ,747.505,744,559.785,2.563,562.348,421.720,1.057,422.777,420.386,418.821,1.565,2.391,207.503,5,76.561,1,77.106,1,21.110,0,0,0,0,0,4.893,0,0,0,24.714,0,1.343,0,0,0,0,0,1.153,0,0,0,1.504,0,0,0,1.271,0,0,0,0,0,705,0,0,0,0,0,0,0,0,0,0,0,368,0,0,0,0,0,0,0,214,0,0,0,216,0,0,0,0,0,0,0,0,0,0,0,160,0,0,0,0,0,0,0,0,0,0,0,0,0,0,0,0,0,0,0,0,0,0,0,0,0,0,0,0,0,0,0,0,0,0,0,0,0,0,0,0,0,0,0,0,0,0,0,0,0,0,0
Andalucía                     ,18,Granada                                           ,783.265,662,591.023,3.789,594.812,409.788,1.373,411.161,408.799,406.546,2.253,2.362,204.596,4,100.619,2,47.067,1,24.619,0,0,0,0,0,5.613,0,0,0,10.824,0,3.833,0,0,0,0,0,2.179,0,0,0,4.310,0,0,0,1.042,0,0,0,0,0,800,0,0,0,0,0,0,0,0,0,0,0,460,0,0,0,0,0,0,0,219,0,0,0,191,0,0,0,0,0,0,0,0,0,0,0,174,0,0,0,0,0,0,0,0,0,0,0,0,0,0,0,0,0,0,0,0,0,0,0,0,0,0,0,0,0,0,0,0,0,0,0,0,0,0,0,0,0,0,0,0,0,0,0,0,0,0,0
Andalucía                     ,21,Huelva                                            ,433.995,414,318.957,907,319.864,211.037,314,211.351,210.319,209.379,940,1.032,123.126,4,41.173,1,16.278,0,9.846,0,0,0,0,0,3.223,0,0,0,10.618,0,1.096,0,0,0,0,0,1.157,0,0,0,998,0,0,0,1.148,0,0,0,0,0,262,0,0,0,0,0,0,0,0,0,0,0,205,0,0,0,0,0,0,0,151,0,0,0,0,0,0,0,0,0,0,0,0,0,0,0,98,0,0,0,0,0,0,0,0,0,0,0,0,0,0,0,0,0,0,0,0,0,0,0,0,0,0,0,0,0,0,0,0,0,0,0,0,0,0,0,0,0,0,0,0,0,0,0,0,0,0,0
Andalucía                     ,23,Jaén                                              ,646.849,667,480.628,1.217,481.845,367.772,453,368.225,365.367,364.196,1.171,2.858,197.733,4,88.906,2,42.112,0,17.576,0,0,0,0,0,2.540,0,0,0,9.010,0,1.369,0,0,0,0,0,1.231,0,0,0,777,0,0,0,1.139,0,0,0,0,0,1.089,0,0,0,0,0,0,0,0,0,0,0,345,0,0,0,0,0,0,0,166,0,0,0,203,0,0,0,0,0,0,0,0,0,0,0,0,0,0,0,0,0,0,0,0,0,0,0,0,0,0,0,0,0,0,0,0,0,0,0,0,0,0,0,0,0,0,0,0,0,0,0,0,0,0,0,0,0,0,0,0,0,0,0,0,0,0,0
Andalucía                     ,29,Málaga                                            ,1.150.434,947,779.421,4.048,783.469,511.631,1.926,513.557,510.152,508.045,2.107,3.405,263.147,7,99.352,2,69.522,1,28.434,0,0,0,0,0,6.783,0,0,0,26.201,0,3.790,0,0,0,0,0,4.739,0,0,0,1.652,0,0,0,1.987,0,0,0,0,0,827,0,0,0,0,0,0,0,0,0,0,0,722,0,0,0,0,0,0,0,351,0,0,0,285,0,0,0,0,0,0,0,0,0,0,0,253,0,0,0,0,0,0,0,0,0,0,0,0,0,0,0,0,0,0,0,0,0,0,0,0,0,0,0,0,0,0,0,0,0,0,0,0,0,0,0,0,0,0,0,0,0,0,0,0,0,0,0
Andalucía                     ,41,Sevilla                                           ,1.540.907,1.670,1.138.913,3.377,1.142.290,815.194,1.324,816.518,810.000,805.917,4.083,6.518,438.615,8,153.905,2,93.080,1,18.420,0,0,0,0,0,8.163,0,0,0,73.031,1,4.823,0,0,0,0,0,2.474,0,0,0,6.277,0,0,0,1.830,0,0,0,0,0,1.760,0,0,0,0,0,0,0,0,0,0,0,798,0,0,0,1.436,0,0,0,484,0,0,0,391,0,0,0,0,0,0,0,0,0,0,0,185,0,0,0,0,0,0,0,0,0,0,0,0,0,0,0,0,0,0,0,0,0,0,0,0,0,0,0,0,0,0,0,0,0,0,0,0,0,0,0,0,0,0,0,0,0,245,0,0,0,0,0
Aragón                        ,22,Huesca                                            ,210.094,357,168.244,984,169.228,118.207,473,118.680,117.395,116.344,1.051,1.285,47.491,2,29.938,1,9.074,0,10.015,0,0,0,0,0,1.058,0,0,0,0,0,0,0,0,0,0,0,1.405,0,0,0,368,0,0,0,870,0,14.260,0,0,0,237,0,0,0,0,0,0,0,0,0,0,0,103,0,0,0,0,0,412,0,118,0,0,0,120,0,0,0,0,0,0,0,0,0,0,0,0,0,0,0,0,0,0,0,0,0,875,0,0,0,0,0,0,0,0,0,0,0,0,0,0,0,0,0,0,0,0,0,0,0,0,0,0,0,0,0,0,0,0,0,0,0,0,0,0,0,0,0
Aragón                        ,44,Teruel                                            ,149.414,314,119.158,568,119.726,84.704,223,84.927,84.196,83.611,585,731,33.744,2,27.695,1,3.580,0,7.319,0,0,0,0,0,497,0,0,0,0,0,291,0,0,0,0,0,365,0,0,0,354,0,0,0,410,0,8.894,0,0,0,88,0,0,0,0,0,0,0,0,0,0,0,97,0,0,0,0,0,0,0,74,0,0,0,0,0,0,0,0,0,0,0,0,0,0,0,0,0,0,0,0,0,0,0,0,0,203,0,0,0,0,0,0,0,0,0,0,0,0,0,0,0,0,0,0,0,0,0,0,0,0,0,0,0,0,0,0,0,0,0,0,0,0,0,0,0,0,0
Aragón                        ,50,Zaragoza                                          ,824.686,1.147,655.156,2.211,657.367,459.817,942,460.759,457.862,453.910,3.952,2.897,174.107,3,125.728,2,51.546,1,32.826,0,0,0,0,0,5.317,0,0,0,0,0,2.683,0,0,0,0,0,2.965,0,0,0,2.112,0,0,0,2.773,0,48.579,1,0,0,573,0,0,0,0,0,0,0,0,0,0,0,510,0,0,0,0,0,1.437,0,361,0,0,0,315,0,0,0,0,0,0,0,0,0,0,0,0,0,0,0,0,0,0,0,0,0,2.078,0,0,0,0,0,0,0,0,0,0,0,0,0,0,0,0,0,0,0,0,0,0,0,0,0,0,0,0,0,0,0,0,0,0,0,0,0,0,0,0,0
Principado de Asturias        ,33,Asturias                                          ,1.112.186,1.408,887.426,9.059,896.485,613.510,4.187,617.697,612.844,609.116,3.728,4.853,248.584,4,162.590,3,95.494,1,76.643,1,0,0,0,0,3.424,0,0,0,0,0,4.352,0,0,0,0,0,3.340,0,0,0,1.854,0,0,0,2.861,0,0,0,0,0,1.604,0,0,0,0,0,0,0,0,0,0,0,751,0,0,0,0,0,0,0,406,0,0,0,469,0,0,0,0,0,0,0,0,0,3.526,0,0,0,0,0,0,0,0,0,3.218,0,0,0,0,0,0,0,0,0,0,0,0,0,0,0,0,0,0,0,0,0,0,0,0,0,0,0,0,0,0,0,0,0,0,0,0,0,0,0,0,0,0,0
Illes Balears                 ,7,Illes Balears                                     ,680.933,846,547.795,1.144,548.939,348.341,438,348.779,344.681,341.705,2.976,4.098,118.833,3,140.163,3,17.555,0,31.671,0,0,0,0,0,8.709,0,0,0,0,0,8.762,0,0,0,0,0,0,0,0,0,772,0,0,0,1.621,0,0,0,0,0,1.050,0,0,0,0,0,0,0,0,0,0,0,541,0,0,0,0,0,0,0,0,0,0,0,327,0,0,0,7.989,0,431,0,0,0,0,0,0,0,0,0,0,0,0,0,0,0,0,0,0,0,0,0,2.883,0,0,0,0,0,0,0,0,0,0,0,0,0,0,0,0,0,0,0,0,0,0,0,0,0,398,0,0,0,0,0,0,0,0,0
Canarias                      ,35,Las Palmas                                        ,751.269,899,561.845,960,562.805,357.399,218,357.617,354.733,352.951,1.782,2.884,113.675,3,73.443,2,35.818,0,86.121,2,0,0,0,0,6.211,0,0,0,0,0,2.999,0,0,0,0,0,2.576,0,0,0,810,0,0,0,1.523,0,0,0,6.333,0,979,0,0,0,0,0,0,0,0,0,0,0,391,0,13.244,0,0,0,0,0,574,0,0,0,0,0,0,0,0,0,0,0,6.371,0,0,0,0,0,0,0,0,0,0,0,0,0,0,0,0,0,0,0,0,0,0,0,1.411,0,0,0,0,0,0,0,0,0,0,0,0,0,0,0,0,0,472,0,0,0,0,0,0,0,0,0,0,0,0,0
Canarias                      ,38,Santa Cruz de Tenerife                            ,715.122,705,523.627,2.501,526.128,318.926,203,319.129,315.806,314.240,1.566,3.323,128.360,4,56.600,1,17.546,0,31.776,1,0,0,0,0,3.906,0,0,0,0,0,3.139,0,0,0,0,0,2.117,0,0,0,844,0,0,0,1.990,0,0,0,58.434,1,521,0,0,0,0,0,0,0,0,0,0,0,376,0,8.295,0,0,0,0,0,336,0,0,0,0,0,0,0,0,0,0,0,0,0,0,0,0,0,0,0,0,0,0,0,0,0,0,0,0,0,0,0,0,0,0,0,0,0,0,0,0,0,0,0,0,0,0,0,0,0,0,0,0,0,0,0,0,0,0,0,0,0,0,0,0,0,0,0
Cantabria                     ,39,Cantabria                                         ,522.664,498,402.855,2.526,405.381,300.155,963,301.118,297.873,295.049,2.824,3.245,119.352,3,114.403,2,19.058,0,28.976,0,0,0,0,0,2.208,0,0,0,0,0,1.860,0,0,0,0,0,2.481,0,0,0,1.291,0,0,0,1.727,0,0,0,0,0,1.132,0,0,0,0,0,0,0,0,0,0,0,868,0,0,0,0,0,0,0,347,0,0,0,256,0,0,0,0,0,0,0,0,0,186,0,0,0,0,0,0,0,0,0,0,0,0,0,0,0,0,0,0,0,0,0,0,0,0,0,0,0,0,0,0,0,0,0,0,0,904,0,0,0,0,0,0,0,0,0,0,0,0,0,0,0,0,0
Castilla - La Mancha          ,2,Albacete                                          ,346.217,460,257.931,924,258.855,198.058,351,198.409,197.173,195.851,1.322,1.236,97.904,3,60.664,1,16.580,0,14.651,0,0,0,0,0,1.242,0,0,0,0,0,1.336,0,0,0,0,0,891,0,0,0,830,0,0,0,729,0,0,0,0,0,557,0,0,0,0,0,0,0,0,0,0,0,270,0,0,0,0,0,0,0,197,0,0,0,0,0,0,0,0,0,0,0,0,0,0,0,0,0,0,0,0,0,0,0,0,0,0,0,0,0,0,0,0,0,0,0,0,0,0,0,0,0,0,0,0,0,0,0,0,0,0,0,0,0,0,0,0,0,0,0,0,0,0,0,0,0,0,0
Castilla - La Mancha          ,13,Ciudad Real                                       ,483.634,593,367.402,642,368.044,276.127,262,276.389,273.884,272.404,1.480,2.505,143.416,3,82.074,2,17.285,0,21.717,0,0,0,0,0,2.193,0,0,0,0,0,2.063,0,0,0,0,0,1.351,0,0,0,501,0,0,0,948,0,0,0,0,0,388,0,0,0,0,0,0,0,0,0,0,0,0,0,0,0,0,0,0,0,168,0,0,0,195,0,0,0,0,0,0,0,0,0,0,0,105,0,0,0,0,0,0,0,0,0,0,0,0,0,0,0,0,0,0,0,0,0,0,0,0,0,0,0,0,0,0,0,0,0,0,0,0,0,0,0,0,0,0,0,0,0,0,0,0,0,0,0
Castilla - La Mancha          ,16,Cuenca                                            ,213.370,335,168.480,355,168.835,128.128,163,128.291,127.446,126.661,785,845,58.465,2,49.748,1,5.529,0,9.149,0,0,0,0,0,750,0,0,0,0,0,615,0,0,0,0,0,562,0,0,0,649,0,0,0,520,0,0,0,0,0,150,0,0,0,0,0,0,0,0,0,0,0,256,0,0,0,0,0,0,0,63,0,0,0,159,0,0,0,0,0,0,0,0,0,0,0,46,0,0,0,0,0,0,0,0,0,0,0,0,0,0,0,0,0,0,0,0,0,0,0,0,0,0,0,0,0,0,0,0,0,0,0,0,0,0,0,0,0,0,0,0,0,0,0,0,0,0,0
Castilla - La Mancha          ,19,Guadalajara                                       ,146.316,382,115.296,361,115.657,87.301,139,87.440,86.690,85.894,796,750,31.653,1,37.061,2,7.280,0,6.622,0,0,0,0,0,601,0,0,0,0,0,620,0,0,0,0,0,467,0,0,0,201,0,0,0,492,0,0,0,0,0,74,0,0,0,0,0,0,0,0,0,0,0,182,0,0,0,0,0,0,0,79,0,0,0,58,0,0,0,0,0,0,0,0,0,0,0,78,0,0,0,0,0,0,0,0,0,0,0,0,0,0,0,0,0,0,0,0,0,0,0,0,0,0,0,0,0,0,0,0,0,0,0,0,0,0,0,426,0,0,0,0,0,0,0,0,0,0,0
Castilla - La Mancha          ,45,Toledo                                            ,486.194,481,371.919,1.200,373.119,290.859,480,291.339,288.466,286.744,1.722,2.873,135.526,3,99.167,2,21.053,0,23.159,0,0,0,0,0,2.070,0,0,0,0,0,0,0,0,0,0,0,1.520,0,0,0,500,0,0,0,884,0,0,0,0,0,331,0,0,0,0,0,0,0,0,0,0,0,589,0,0,0,1.143,0,0,0,202,0,0,0,148,0,0,0,0,0,0,0,0,0,0,0,452,0,0,0,0,0,0,0,0,0,0,0,0,0,0,0,0,0,0,0,0,0,0,0,0,0,0,0,0,0,0,0,0,0,0,0,0,0,0,0,0,0,0,0,0,0,0,0,0,0,0,0
Castilla y León               ,5,Ávila                                             ,182.101,310,143.404,843,144.247,110.712,310,111.022,109.087,108.411,676,1.935,30.282,1,35.757,1,4.815,0,34.402,1,0,0,0,0,682,0,0,0,0,0,1.139,0,0,0,0,0,487,0,0,0,156,0,0,0,216,0,0,0,0,0,146,0,0,0,0,0,0,0,0,0,0,0,149,0,0,0,0,0,0,0,70,0,0,0,110,0,0,0,0,0,0,0,0,0,0,0,0,0,0,0,0,0,0,0,0,0,0,0,0,0,0,0,0,0,0,0,0,0,0,0,0,0,0,0,0,0,0,0,0,0,0,0,0,0,0,0,0,0,0,0,0,0,0,0,0,0,0,0
Castilla y León               ,9,Burgos                                            ,359.198,673,283.402,1.501,284.903,205.391,512,205.903,203.508,201.110,2.398,2.395,65.811,2,88.446,2,16.010,0,21.973,0,0,0,0,0,2.202,0,0,0,0,0,0,0,0,0,0,0,3.544,0,0,0,613,0,0,0,1.244,0,0,0,0,0,487,0,0,0,0,0,0,0,0,0,0,0,391,0,0,0,0,0,0,0,389,0,0,0,0,0,0,0,0,0,0,0,0,0,0,0,0,0,0,0,0,0,0,0,0,0,0,0,0,0,0,0,0,0,0,0,0,0,0,0,0,0,0,0,0,0,0,0,0,0,0,0,0,0,0,0,0,0,0,0,0,0,0,0,0,0,0,0
Castilla y León               ,24,León                                              ,531.021,726,414.623,4.228,418.851,287.939,1.602,289.541,285.943,283.157,2.786,3.598,114.046,3,109.792,2,17.910,0,28.898,0,0,0,0,0,2.913,0,0,0,0,0,2.385,0,0,0,0,0,1.454,0,0,0,713,0,0,0,1.819,0,0,0,0,0,514,0,0,0,0,0,0,0,0,0,0,0,372,0,0,0,0,0,0,0,191,0,0,0,325,0,0,0,0,0,0,0,0,0,0,0,0,0,0,0,0,0,0,0,0,0,0,0,0,0,1.825,0,0,0,0,0,0,0,0,0,0,0,0,0,0,0,0,0,0,0,0,0,0,0,0,0,0,0,0,0,0,0,0,0,0,0,0,0
Castilla y León               ,34,Palencia                                          ,189.433,310,147.719,1.012,148.731,113.490,350,113.840,112.752,111.711,1.041,1.088,41.313,1,50.186,2,6.533,0,9.696,0,0,0,0,0,0,0,0,0,0,0,1.307,0,0,0,0,0,768,0,0,0,398,0,0,0,735,0,0,0,0,0,222,0,0,0,0,0,0,0,0,0,0,0,226,0,0,0,0,0,0,0,145,0,0,0,182,0,0,0,0,0,0,0,0,0,0,0,0,0,0,0,0,0,0,0,0,0,0,0,0,0,0,0,0,0,0,0,0,0,0,0,0,0,0,0,0,0,0,0,0,0,0,0,0,0,0,0,0,0,0,0,0,0,0,0,0,0,0,0
Castilla y León               ,37,Salamanca                                         ,359.293,579,286.965,2.357,289.322,217.042,957,217.999,216.198,214.321,1.877,1.801,79.966,2,88.048,2,12.308,0,27.068,0,0,0,0,0,0,0,0,0,0,0,2.331,0,0,0,0,0,1.291,0,0,0,476,0,0,0,1.052,0,0,0,0,0,384,0,0,0,0,0,0,0,0,0,0,0,278,0,0,0,0,0,0,0,206,0,0,0,329,0,0,0,0,0,0,0,0,0,0,0,0,0,0,0,0,0,0,0,0,0,0,0,0,0,584,0,0,0,0,0,0,0,0,0,0,0,0,0,0,0,0,0,0,0,0,0,0,0,0,0,0,0,0,0,0,0,0,0,0,0,0,0
Castilla y León               ,40,Segovia                                           ,150.595,273,119.505,363,119.868,90.673,125,90.798,89.537,88.307,1.230,1.261,27.468,1,35.705,2,6.387,0,14.764,0,0,0,0,0,616,0,0,0,0,0,802,0,0,0,0,0,967,0,0,0,283,0,0,0,518,0,0,0,0,0,163,0,0,0,0,0,0,0,0,0,0,0,109,0,0,0,0,0,0,0,278,0,0,0,137,0,0,0,0,0,0,0,0,0,0,0,110,0,0,0,0,0,0,0,0,0,0,0,0,0,0,0,0,0,0,0,0,0,0,0,0,0,0,0,0,0,0,0,0,0,0,0,0,0,0,0,0,0,0,0,0,0,0,0,0,0,0,0
Castilla y León               ,42,Soria                                             ,97.743,237,79.136,384,79.520,56.499,159,56.658,55.844,55.167,677,814,18.421,1,26.756,2,2.872,0,5.260,0,0,0,0,0,466,0,0,0,0,0,0,0,0,0,0,0,0,0,0,0,164,0,0,0,539,0,0,0,0,0,117,0,0,0,0,0,0,0,0,0,0,0,106,0,0,0,0,0,0,0,137,0,0,0,77,0,0,0,0,0,0,0,0,0,0,0,0,0,0,0,0,0,0,0,0,0,0,0,0,0,0,0,0,0,0,0,0,0,0,0,0,0,252,0,0,0,0,0,0,0,0,0,0,0,0,0,0,0,0,0,0,0,0,0,0,0,0,0
Castilla y León               ,47,Valladolid                                        ,491.093,679,379.184,1.211,380.395,284.527,426,284.953,282.555,279.588,2.967,2.398,101.532,2,107.695,3,26.753,0,32.342,0,0,0,0,0,1.802,0,0,0,0,0,0,0,0,0,0,0,3.311,0,0,0,2.264,0,0,0,1.386,0,0,0,0,0,493,0,0,0,0,0,0,0,0,0,0,0,541,0,0,0,0,0,0,0,347,0,0,0,0,0,0,0,0,0,0,0,0,0,0,0,175,0,0,0,0,0,0,0,0,0,0,0,0,0,0,0,0,0,0,0,0,0,0,0,0,0,947,0,0,0,0,0,0,0,0,0,0,0,0,0,0,0,0,0,0,0,0,0,0,0,0,0
Castilla y León               ,49,Zamora                                            ,222.006,388,178.066,1.610,179.676,129.045,537,129.582,128.411,127.280,1.131,1.171,48.712,1,54.821,2,5.111,0,14.791,0,0,0,0,0,1.003,0,0,0,0,0,633,0,0,0,0,0,526,0,0,0,288,0,0,0,462,0,0,0,0,0,171,0,0,0,0,0,0,0,0,0,0,0,0,0,0,0,0,0,0,0,0,0,0,0,209,0,0,0,0,0,0,0,0,0,0,0,0,0,0,0,0,0,0,0,0,0,0,0,0,0,553,0,0,0,0,0,0,0,0,0,0,0,0,0,0,0,0,0,0,0,0,0,0,0,0,0,0,0,0,0,0,0,0,0,0,0,0,0
Cataluña                      ,8,Barcelona                                         ,4.614.525,5.272,3.604.807,13.141,3.617.948,2.451.527,5.439,2.456.966,2.443.643,2.429.402,14.241,13.323,903.546,14,257.021,3,200.050,3,110.681,1,741.682,11,0,0,29.187,0,0,0,0,0,18.089,0,0,0,0,0,19.573,0,0,0,10.782,0,60.642,0,9.270,0,0,0,0,0,27.746,0,0,0,0,0,0,0,0,0,18.518,0,2.087,0,0,0,8.110,0,4.996,0,2.223,0,0,0,1.127,0,0,0,0,0,2.276,0,0,0,0,0,1.200,0,0,0,0,0,0,0,0,0,0,0,596,0,0,0,0,0,0,0,0,0,0,0,0,0,0,0,0,0,0,0,0,0,0,0,0,0,0,0,0,0,0,0,0,0,0,0,0,0,0,0
Cataluña                      ,17,Girona                                            ,488.216,643,384.432,1.250,385.682,258.867,544,259.411,257.757,255.771,1.986,1.654,74.469,2,20.468,0,10.089,0,7.726,0,120.849,3,0,0,3.197,0,0,0,0,0,0,0,0,0,0,0,2.097,0,0,0,740,0,8.806,0,1.401,0,0,0,0,0,1.261,0,0,0,0,0,0,0,0,0,3.188,0,197,0,0,0,0,0,418,0,140,0,0,0,227,0,0,0,0,0,258,0,0,0,0,0,154,0,0,0,0,0,0,0,0,0,0,0,86,0,0,0,0,0,0,0,0,0,0,0,0,0,0,0,0,0,0,0,0,0,0,0,0,0,0,0,0,0,0,0,0,0,0,0,0,0,0,0
Cataluña                      ,25,Lleida                                            ,352.049,445,280.820,2.048,282.868,183.420,1.137,184.557,183.444,182.103,1.341,1.113,52.504,2,22.713,0,6.835,0,7.282,0,76.602,2,0,0,2.154,0,0,0,0,0,0,0,0,0,0,0,1.186,0,0,0,480,0,6.715,0,674,0,0,0,0,0,919,0,0,0,0,0,0,0,0,0,2.216,0,0,0,0,0,723,0,418,0,158,0,0,0,120,0,0,0,0,0,170,0,0,0,0,0,153,0,0,0,0,0,0,0,0,0,0,0,81,0,0,0,0,0,0,0,0,0,0,0,0,0,0,0,0,0,0,0,0,0,0,0,0,0,0,0,0,0,0,0,0,0,0,0,0,0,0,0
Cataluña                      ,43,Tarragona                                         ,524.854,624,409.149,1.365,410.514,274.404,569,274.973,273.403,271.719,1.684,1.570,93.456,2,35.813,1,14.478,0,10.829,0,93.110,2,0,0,3.404,0,0,0,0,0,1.355,0,0,0,0,0,1.550,0,0,0,1.135,0,8.593,0,977,0,0,0,0,0,2.040,0,0,0,0,0,0,0,0,0,2.056,0,222,0,0,0,1.221,0,603,0,132,0,0,0,145,0,0,0,0,0,318,0,0,0,0,0,155,0,0,0,0,0,0,0,0,0,0,0,127,0,0,0,0,0,0,0,0,0,0,0,0,0,0,0,0,0,0,0,0,0,0,0,0,0,0,0,0,0,0,0,0,0,0,0,0,0,0,0
Extremadura                   ,6,Badajoz                                           ,666.053,753,491.771,1.633,493.404,375.025,614,375.639,373.292,371.493,1.799,2.347,204.473,4,87.831,2,29.940,0,37.215,0,0,0,0,0,2.501,0,0,0,0,0,0,0,0,0,0,0,1.220,0,0,0,906,0,0,0,744,0,0,0,0,0,1.162,0,0,0,0,0,0,0,0,0,0,0,541,0,0,0,1.211,0,0,0,188,0,0,0,155,0,3.406,0,0,0,0,0,0,0,0,0,0,0,0,0,0,0,0,0,0,0,0,0,0,0,0,0,0,0,0,0,0,0,0,0,0,0,0,0,0,0,0,0,0,0,0,0,0,0,0,0,0,0,0,0,0,0,0,0,0,0,0,0
Extremadura                   ,10,Cáceres                                           ,420.367,474,323.042,1.697,324.739,241.955,671,242.626,240.509,239.423,1.086,2.117,126.396,3,65.430,2,12.226,0,21.228,0,0,0,0,0,1.117,0,0,0,0,0,1.652,0,0,0,0,0,976,0,0,0,744,0,0,0,1.200,0,0,0,0,0,380,0,0,0,0,0,0,0,0,0,0,0,255,0,0,0,0,0,0,0,130,0,0,0,111,0,7.578,0,0,0,0,0,0,0,0,0,0,0,0,0,0,0,0,0,0,0,0,0,0,0,0,0,0,0,0,0,0,0,0,0,0,0,0,0,0,0,0,0,0,0,0,0,0,0,0,0,0,0,0,0,0,0,0,0,0,0,0,0
Galicia                       ,15,A Coruña                                          ,1.109.788,1.294,861.540,18.222,879.762,522.628,3.650,526.278,518.266,513.491,4.775,8.012,190.844,4,185.709,4,20.397,0,46.675,1,0,0,0,0,5.255,0,0,0,0,0,3.029,0,0,0,0,0,2.008,0,0,0,2.713,0,0,0,3.258,0,0,0,0,0,633,0,21.202,0,5.173,0,0,0,15.670,0,0,0,570,0,0,0,1.539,0,0,0,421,0,5.539,0,430,0,0,0,0,0,646,0,0,0,434,0,0,0,1.346,0,0,0,0,0,0,0,0,0,0,0,0,0,0,0,0,0,0,0,0,0,0,0,0,0,0,0,0,0,0,0,0,0,0,0,0,0,0,0,0,0,0,0,0,0,0,0,0,0
Galicia                       ,27,Lugo                                              ,404.888,502,329.834,4.600,334.434,201.784,1.469,203.253,201.857,200.475,1.382,1.396,63.404,2,92.374,3,3.999,0,12.371,0,0,0,0,0,1.017,0,0,0,0,0,1.790,0,0,0,0,0,0,0,0,0,372,0,0,0,509,0,0,0,0,0,157,0,5.650,0,14.040,0,0,0,2.582,0,0,0,138,0,0,0,0,0,0,0,210,0,1.223,0,160,0,0,0,0,0,198,0,0,0,86,0,0,0,195,0,0,0,0,0,0,0,0,0,0,0,0,0,0,0,0,0,0,0,0,0,0,0,0,0,0,0,0,0,0,0,0,0,0,0,0,0,0,0,0,0,0,0,0,0,0,0,0,0
Galicia                       ,32,Ourense                                           ,429.382,507,333.774,8.378,342.152,187.738,2.677,190.415,188.316,187.040,1.276,2.099,66.592,2,76.707,3,3.691,0,10.486,0,0,0,0,0,805,0,0,0,0,0,974,0,0,0,0,0,0,0,0,0,238,0,0,0,551,0,0,0,0,0,166,0,4.921,0,14.578,0,0,0,2.455,0,0,0,129,0,0,0,0,0,0,0,155,0,3.764,0,0,0,0,0,0,0,136,0,0,0,115,0,0,0,577,0,0,0,0,0,0,0,0,0,0,0,0,0,0,0,0,0,0,0,0,0,0,0,0,0,0,0,0,0,0,0,0,0,0,0,0,0,0,0,0,0,0,0,0,0,0,0,0,0
Galicia                       ,36,Pontevedra                                        ,900.414,1.047,667.385,14.240,681.625,420.825,4.882,425.707,421.949,418.043,3.906,3.758,138.910,4,164.378,4,15.558,0,34.230,0,0,0,0,0,5.983,0,0,0,0,0,0,0,0,0,0,0,4.541,0,0,0,1.957,0,0,0,2.662,0,0,0,0,0,845,0,15.990,0,12.030,0,0,0,13.424,0,0,0,592,0,0,0,0,0,0,0,696,0,3.885,0,0,0,0,0,0,0,523,0,0,0,300,0,0,0,1.539,0,0,0,0,0,0,0,0,0,0,0,0,0,0,0,0,0,0,0,0,0,0,0,0,0,0,0,0,0,0,0,0,0,0,0,0,0,0,0,0,0,0,0,0,0,0,0,0,0
Comunidad de Madrid           ,28,Madrid                                            ,4.782.418,5.009,3.695.129,18.812,3.713.941,2.693.174,7.768,2.700.942,2.686.715,2.659.412,27.303,14.227,899.723,12,919.357,12,414.392,5,295.189,4,0,0,0,0,25.539,0,0,0,0,0,30.495,0,0,0,0,0,23.996,0,0,0,11.621,0,0,0,8.427,0,0,0,0,0,3.002,0,0,0,0,0,0,0,0,0,0,0,3.657,0,0,0,4.963,0,1.888,0,1.973,0,0,0,1.632,0,0,0,0,0,1.847,0,0,0,767,0,1.057,0,0,0,3.396,0,3.330,0,0,0,0,0,0,0,0,0,0,0,0,0,0,0,0,0,1.359,0,0,0,0,0,975,0,0,0,0,0,827,0,0,0,0,0,0,0,0,0,0,0,0,0,0,0
Comunidad Foral de Navarra    ,31,Navarra                                           ,515.766,816,406.481,2.237,408.718,279.330,820,280.150,277.937,274.977,2.960,2.213,86.677,2,92.216,3,15.979,0,19.538,0,0,0,2.562,0,1.867,0,30.632,0,0,0,0,0,0,0,13.342,0,0,0,7.949,0,510,0,0,0,1.105,0,0,0,0,0,333,0,0,0,0,0,0,0,0,0,0,0,211,0,0,0,0,0,1.541,0,0,0,0,0,275,0,0,0,0,0,240,0,0,0,0,0,0,0,0,0,0,0,0,0,0,0,0,0,0,0,0,0,0,0,0,0,0,0,0,0,0,0,0,0,0,0,0,0,0,0,0,0,0,0,0,0,0,0,0,0,0,0,0,0,0,0,0,0
País Vasco                    ,1,Araba - Álava                                     ,267.728,316,208.247,527,208.774,139.057,189,139.246,137.846,136.787,1.059,1.400,35.723,2,19.427,1,4.219,0,9.228,0,0,0,23.247,1,1.838,0,16.015,0,0,0,0,0,0,0,11.689,0,953,0,11.873,0,397,0,0,0,589,0,0,0,0,0,186,0,0,0,0,0,0,0,0,0,0,0,96,0,0,0,0,0,0,0,120,0,0,0,120,0,0,0,0,0,136,0,0,0,0,0,0,0,0,0,0,0,0,0,0,0,0,0,0,0,0,0,0,0,0,0,0,0,0,0,0,0,0,0,0,0,0,0,931,0,0,0,0,0,0,0,0,0,0,0,0,0,0,0,0,0,0,0
País Vasco                    ,20,Gipuzkoa                                          ,689.222,767,534.827,2.214,537.041,355.263,911,356.174,354.371,352.142,2.229,1.803,70.183,2,24.638,0,6.935,0,7.941,0,0,0,57.290,1,1.245,0,78.138,2,0,0,0,0,0,0,63.569,1,2.278,0,36.857,1,1.192,0,0,0,700,0,0,0,0,0,315,0,0,0,0,0,0,0,0,0,0,0,257,0,0,0,0,0,0,0,241,0,0,0,146,0,0,0,0,0,217,0,0,0,0,0,0,0,0,0,0,0,0,0,0,0,0,0,0,0,0,0,0,0,0,0,0,0,0,0,0,0,0,0,0,0,0,0,0,0,0,0,0,0,0,0,0,0,0,0,0,0,0,0,0,0,0,0
País Vasco                    ,48,Bizkaia                                           ,1.179.150,1.226,919.516,3.077,922.593,619.644,1.124,620.768,614.724,610.548,4.176,6.044,127.744,2,59.632,1,22.169,0,21.144,0,0,0,171.582,3,4.682,0,92.493,2,0,0,0,0,0,0,48.355,1,6.589,0,48.559,1,3.125,0,0,0,2.099,0,0,0,0,0,546,0,0,0,0,0,0,0,0,0,0,0,400,0,0,0,0,0,0,0,521,0,0,0,398,0,0,0,0,0,510,0,0,0,0,0,0,0,0,0,0,0,0,0,0,0,0,0,0,0,0,0,0,0,0,0,0,0,0,0,0,0,0,0,0,0,0,0,0,0,0,0,0,0,0,0,0,0,0,0,0,0,0,0,0,0,0,0
Región de Murcia              ,30,Murcia                                            ,1.006.788,1.087,751.065,2.915,753.980,558.877,947,559.824,556.083,553.443,2.640,3.741,256.107,5,166.712,3,51.105,0,57.634,1,0,0,0,0,6.253,0,0,0,0,0,3.589,0,0,0,0,0,3.905,0,0,0,1.557,0,0,0,2.963,0,0,0,0,0,1.602,0,0,0,0,0,0,0,0,0,0,0,836,0,0,0,0,0,0,0,633,0,0,0,547,0,0,0,0,0,0,0,0,0,0,0,0,0,0,0,0,0,0,0,0,0,0,0,0,0,0,0,0,0,0,0,0,0,0,0,0,0,0,0,0,0,0,0,0,0,0,0,0,0,0,0,0,0,0,0,0,0,0,0,0,0,0,0
La Rioja                      ,26,La Rioja                                          ,259.909,401,205.929,1.080,207.009,148.710,424,149.134,147.808,146.033,1.775,1.326,58.678,2,60.737,2,9.495,0,10.620,0,0,0,0,0,1.823,0,0,0,0,0,0,0,0,0,0,0,1.893,0,0,0,679,0,0,0,848,0,0,0,0,0,271,0,0,0,0,0,0,0,0,0,0,0,220,0,0,0,0,0,769,0,0,0,0,0,0,0,0,0,0,0,0,0,0,0,0,0,0,0,0,0,0,0,0,0,0,0,0,0,0,0,0,0,0,0,0,0,0,0,0,0,0,0,0,0,0,0,0,0,0,0,0,0,0,0,0,0,0,0,0,0,0,0,0,0,0,0,0,0
Comunitat Valenciana          ,3,Alicante / Alacant                                ,1.217.279,1.273,899.578,2.659,902.237,667.436,996,668.432,664.060,660.729,3.331,4.372,290.886,5,195.031,3,59.491,1,66.230,1,0,0,0,0,7.784,0,0,0,0,0,10.312,0,3.960,0,0,0,6.348,0,0,0,3.162,0,0,0,2.420,0,0,0,0,0,1.632,0,0,0,0,0,6.985,0,0,0,0,0,1.359,0,0,0,889,0,1.871,0,398,0,0,0,570,0,0,0,0,0,0,0,0,0,0,0,0,0,0,0,0,0,0,0,0,0,0,0,360,0,0,0,0,0,0,0,0,0,0,0,0,0,0,0,1.041,0,0,0,0,0,0,0,0,0,0,0,0,0,0,0,0,0,0,0,0,0,0,0
Comunitat Valenciana          ,12,Castellón / Castelló                              ,436.590,540,340.804,700,341.504,256.947,289,257.236,254.870,253.197,1.673,2.366,106.223,3,86.359,2,14.004,0,22.428,0,0,0,0,0,3.042,0,0,0,0,0,3.753,0,3.254,0,0,0,1.877,0,0,0,1.999,0,0,0,1.238,0,0,0,0,0,525,0,0,0,0,0,6.267,0,0,0,0,0,319,0,0,0,0,0,979,0,176,0,0,0,476,0,0,0,0,0,0,0,0,0,0,0,0,0,0,0,0,0,0,0,0,0,0,0,278,0,0,0,0,0,0,0,0,0,0,0,0,0,0,0,0,0,0,0,0,0,0,0,0,0,0,0,0,0,0,0,0,0,0,0,0,0,0,0
Comunitat Valenciana          ,46,Valencia / València                               ,2.078.815,2.061,1.599.236,5.679,1.604.915,1.203.261,1.984,1.205.245,1.199.875,1.193.855,6.020,5.370,481.268,8,290.711,4,118.706,1,77.573,1,0,0,0,0,11.099,0,0,0,0,0,21.748,0,137.710,2,0,0,7.233,0,0,0,7.787,0,0,0,3.128,0,0,0,0,0,1.869,0,0,0,0,0,27.515,0,0,0,0,0,1.420,0,0,0,0,0,1.763,0,623,0,0,0,874,0,0,0,0,0,0,0,0,0,0,0,0,0,0,0,0,0,0,0,0,0,0,0,1.460,0,0,0,0,0,0,0,0,0,1.368,0,0,0,0,0,0,0,0,0,0,0,0,0,0,0,0,0,0,0,0,0,0,0,0,0,0,0,0,0
Ciudad de Ceuta               ,51,Ceuta                                             ,65.151,53,40.933,420,41.353,22.979,152,23.131,22.919,22.649,270,212,8.643,1,7.855,0,0,0,1.880,0,0,0,0,0,605,0,0,0,0,0,756,0,0,0,0,0,0,0,0,0,0,0,0,0,150,0,0,0,0,0,0,0,0,0,0,0,0,0,0,0,0,0,0,0,0,0,0,0,0,0,0,0,0,0,0,0,0,0,0,0,0,0,0,0,0,0,0,0,0,0,0,0,0,0,0,0,0,0,0,0,0,0,0,0,2.760,0,0,0,0,0,0,0,0,0,0,0,0,0,0,0,0,0,0,0,0,0,0,0,0,0,0,0,0,0,0,0,0,0
Ciudad de Melilla             ,52,Melilla                                           ,52.388,44,33.630,355,33.985,17.477,157,17.634,17.508,17.351,157,126,6.741,0,9.748,1,0,0,316,0,0,0,0,0,0,0,0,0,0,0,0,0,0,0,0,0,0,0,0,0,0,0,0,0,130,0,0,0,0,0,115,0,0,0,0,0,0,0,0,0,0,0,0,0,0,0,0,0,0,0,0,0,0,0,0,0,0,0,0,0,0,0,0,0,0,0,0,0,0,0,0,0,0,0,0,0,0,0,0,0,0,0,0,0,0,0,0,0,0,0,0,0,0,0,0,0,0,0,0,0,0,0,0,0,0,0,0,0,0,0,301,0,0,0,0,0,0,0
,,,,,,,,,,,,,,,,,,,,,,,,,,,,,,,,,,,,,,,,,,,,,,,,,,,,,,,,,,,,,,,,,,,,,,,,,,,,,,,,,,,,,,,,,,,,,,,,,,,,,,,,,,,,,,,,,,,,,,,,,,,,,,,,,,,,,,,,,,,,
,1378,Total,38.476.094,44.285,29.438.479,165.576,29.604.055,20.586.503,59.862,20.646.365,20.493.682,20.351.887,141.795,152.683,8.115.568,175,5.285.972,107,1.858.588,17,1.617.716,14,1.032.243,18,254.681,5,219.883,0,217.278,4,212.687,2,157.103,0,144.924,2,136.955,2,136.335,0,105.238,2,86.257,0,84.756,0,81.218,0,71.733,1,64.767,1,62.664,0,47.763,0,45.821,0,40.767,0,34.131,0,25.978,0,24.025,0,21.539,0,21.235,0,17.095,0,15.936,0,14.411,0,12.807,0,10.984,0,7.989,0,7.906,0,6.371,0,5.414,0,4.942,0,3.657,0,3.396,0,3.330,0,3.218,0,3.156,0,2.988,0,2.962,0,2.883,0,2.760,0,1.411,0,1.368,0,1.359,0,1.199,0,1.041,0,975,0,931,0,904,0,827,0,472,0,426,0,398,0,301,0,245,0,0,0,0,0
,,,,,,,,,,,,,,,,,,,,,,,,,,,,,,,,,,,,,,,,,,,,,,,,,,,,,,,,,,,,,,,,,,,,,,,,,,,,,,,,,,,,,,,,,,,,,,,,,,,,,,,,,,,,,,,,,,,,,,,,,,,,,,,,,,,,,,,,,,,,
,1111,,,,,,,,,,,,,,PARTIDO SOCIALISTA OBRERO ESPAÑOL,,PARTIDO POPULAR,,IZQUIERDA UNIDA,,CENTRO DEMOCRATICO Y SOCIAL,,CONVERGENCIA I UNIO,,EUZKO ALDERDI JELTZALEA-PARTIDO NACIONALISTA VASCO,,AGRUPACION RUIZ-MATEOS,,HERRI BATASUNA,,PARTIDO ANDALUCISTA,,LOS VERDES-LISTA VERDE,,UNIO VALENCIANA,,EUSKO ALKARTASUNA,,LOS VERDES ECOLOGISTAS,,EUSKADIKO EZKERRA,,PARTIDO TRABAJADORES DE ESPAÑA-UNIDAD COMUNISTA,,ESQUERRA REPUBLICANA DE CATALUNYA,,PARTIDO SOCIALISTA DE LOS TRABAJADORES,,PARTIDO ARAGONES REGIONALISTA,,AGRUPACIONES INDEPENDIENTES DE CANARIAS,,PARTIDO COMUNISTA DE LOS PUEBLOS DE ESPAÑA,,BLOQUE NACIONALISTA GALEGO,,COALICION GALEGA,,UNITAT DEL POBLE VALENCIA,,PARTIDO SOCIALISTA GALEGO-ESQUERDA GALEGA,,ALTERNATIVA VERDA-MOVIMENT ECOLOG. DE CATALUNYA,,FALANGE ESPAÑOLA DE LAS J.O.N.S.,,ASAMBLEA CANARIA NACIONALISTA,,VERTICE ESPAÑOL REIVINDICAC. DESARROLLO ECOLOGICO,,COALICION SOCIALDEMOCRATA,,PARTIDO HUMANISTA,,PARTIDO NACIONALISTA GALEGO-PARTIDO GALEGUISTA,,ALIANZA POR LA REPUBLICA,,EXTREMADURA UNIDA,,COALICION ELECTORAL ESQUERRA NACIONALISTA,,PARTIDO DE LOS OBREROS REVOLUCIONARIOS DE ESPAÑA,,INDEPENDIENTES DE GRAN CANARIA,,PARTIU ASTURIANISTA,,UNIDAD CENTRISTA-P.E.D.,,FRENTE POPULAR GALEGA,,PARTIDO REGIONAL DE MADRID,,GRUPO DE RADICALES EN MADRID,,UNIDA NACIONALISTA ASTURIANA,,UNION ARAGONESISTA-CHUNTA ARAGONESISTA,,ESQUERRA NACIONALISTA VALENCIANA - URV,,PARTIDO REGIONALISTA DEL PAIS LEONES,,UNIO BALEAR,,PARTIDO CEUTA UNIDA,,SIETE ESTRELLAS VERDES,,MOVIMIENTO VERDE,,AGRUPACION CIUDADANA INDEPENDIENTE,,PARTIDO NACIONALISTA DE CASTILLA Y LEON,,COALICION ALICANTINISTA ALICANTON,,ACCION REPUBLICANA DEMOCRATICA ESPAÑOLA,,PARTIDO ECOLOGISTA DE EUSKADI (LISTA VERDE),,RADICALES POR CANTABRIA,,FALANGE ESPAÑOLA INDEPENDIENTE,,TAGOROR O ASAMBLEA CONEJERA DE LANZAROTE,,PARTIDO REGIONALISTA DE GUADALAJARA,,PARTIDO RADICAL BALEAR,,PARTIDO NACIONALISTA ESPAÑOL DE MELILLA,,PARTIDO PROVERISTA,,PARTIDO COMUNISTA DE ESPAÑA (MARXISTA-LENINISTA),,COALICION ELECTORAL LKI-EMK,
